{"type":"FeatureCollection", "features": [
{"type":"Feature","geometry":{"type":"Polygon","coordinates":[[[-2.019,49.231],[-2.082,49.255],[-2.221,49.266],[-2.236,49.176],[-2.166,49.187],[-2.091,49.187],[-2.054,49.17],[-2.01,49.181],[-2.019,49.231]]]},"properties":{"NAME":"Jersey"}},
{"type":"Feature","geometry":{"type":"Polygon","coordinates":[[[-2.512,49.495],[-2.521,49.506],[-2.542,49.507],[-2.646,49.468],[-2.639,49.451],[-2.547,49.429],[-2.512,49.495]]]},"properties":{"NAME":"Guernsey"}},
{"type":"Feature","geometry":{"type":"Polygon","coordinates":[[[-4.412,54.185],[-4.392,54.225],[-4.338,54.269],[-4.377,54.393],[-4.396,54.403],[-4.425,54.407],[-4.509,54.377],[-4.615,54.267],[-4.699,54.225],[-4.746,54.119],[-4.785,54.073],[-4.766,54.069],[-4.696,54.081],[-4.614,54.059],[-4.412,54.185]]]},"properties":{"NAME":"Isle of Man"}},
{"type":"Feature","geometry":{"type":"MultiPolygon","coordinates":[[[[-2.668,51.623],[-2.539,51.695],[-2.433,51.741],[-2.59,51.609],[-2.687,51.537],[-2.791,51.475],[-2.881,51.406],[-3.042,51.249],[-3.136,51.205],[-3.256,51.194],[-3.375,51.197],[-3.608,51.229],[-3.842,51.231],[-4.158,51.201],[-4.188,51.189],[-4.296,51.027],[-4.523,50.977],[-4.546,50.901],[-4.56,50.821],[-4.583,50.776],[-4.861,50.582],[-4.894,50.534],[-4.956,50.523],[-5,50.498],[-5,50.165],[-4.817,50.256],[-4.728,50.29],[-4.507,50.341],[-4.379,50.358],[-4.297,50.359],[-4.217,50.378],[-4.195,50.393],[-4.173,50.391],[-4.103,50.349],[-3.9,50.286],[-3.793,50.229],[-3.68,50.24],[-3.584,50.322],[-3.526,50.428],[-3.485,50.548],[-3.405,50.632],[-2.999,50.717],[-2.901,50.722],[-2.777,50.706],[-2.659,50.67],[-2.548,50.616],[-2.433,50.599],[-2.395,50.631],[-2.35,50.637],[-2.036,50.603],[-1.998,50.608],[-1.962,50.628],[-2.006,50.673],[-2.031,50.725],[-1.866,50.715],[-1.688,50.735],[-1.601,50.733],[-1.517,50.747],[-1.334,50.821],[-1.416,50.897],[-1.285,50.857],[-1.133,50.845],[-1.001,50.816],[-0.871,50.773],[-0.785,50.765],[-0.451,50.81],[-0.204,50.814],[0.205,50.763],[0.3,50.776],[0.415,50.819],[0.532,50.853],[0.684,50.886],[0.772,50.934],[0.96,50.926],[0.979,50.972],[1.044,51.047],[1.366,51.155],[1.398,51.182],[1.416,51.311],[1.415,51.363],[1.373,51.375],[1.257,51.375],[1.015,51.36],[0.889,51.36],[0.687,51.387],[0.646,51.405],[0.6,51.468],[0.528,51.484],[0.425,51.466],[0.507,51.501],[0.593,51.519],[0.698,51.523],[0.799,51.538],[0.891,51.571],[0.927,51.647],[0.898,51.689],[0.752,51.73],[0.955,51.808],[1.101,51.785],[1.188,51.803],[1.274,51.845],[1.274,51.902],[1.228,51.949],[1.232,51.971],[1.276,51.974],[1.317,51.957],[1.413,51.995],[1.559,52.087],[1.591,52.12],[1.615,52.162],[1.647,52.279],[1.7,52.369],[1.747,52.469],[1.743,52.579],[1.716,52.677],[1.657,52.754],[1.382,52.894],[1.271,52.925],[1.056,52.959],[0.949,52.953],[0.827,52.971],[0.704,52.977],[0.559,52.967],[0.516,52.938],[0.432,52.858],[0.382,52.825],[0.33,52.812],[0.28,52.809],[0.046,52.906],[0.124,52.972],[0.208,53.03],[0.298,53.081],[0.356,53.16],[0.271,53.335],[0.128,53.468],[-0.294,53.692],[-0.485,53.694],[-0.66,53.724],[-0.568,53.725],[-0.461,53.716],[-0.27,53.737],[-0.174,53.685],[-0.074,53.644],[-0.019,53.637],[0.036,53.641],[0.077,53.629],[0.115,53.609],[0.011,53.743],[-0.108,53.865],[-0.169,53.942],[-0.206,54.022],[-0.156,54.081],[-0.084,54.118],[-0.233,54.19],[-0.37,54.279],[-0.518,54.395],[-0.671,54.504],[-0.759,54.541],[-1.154,54.654],[-1.232,54.704],[-1.292,54.774],[-1.423,55.026],[-1.523,55.26],[-1.61,55.498],[-1.655,55.57],[-1.729,55.619],[-1.83,55.672],[-2.017,55.808],[-2.147,55.903],[-2.599,56.027],[-2.837,56.026],[-3.015,55.959],[-3.049,55.952],[-3.608,56.016],[-3.704,56.043],[-3.789,56.095],[-3.695,56.063],[-3.48,56.033],[-3.362,56.028],[-3.268,56.045],[-3.178,56.08],[-2.98,56.194],[-2.768,56.202],[-2.674,56.253],[-2.653,56.318],[-2.885,56.398],[-3.087,56.389],[-3.198,56.366],[-3.31,56.363],[-3.214,56.384],[-3.124,56.425],[-3.047,56.449],[-2.775,56.483],[-2.681,56.514],[-2.593,56.562],[-2.501,56.637],[-2.427,56.731],[-2.26,56.863],[-2.09,57.103],[-2.062,57.153],[-2.046,57.209],[-2.02,57.259],[-1.934,57.352],[-1.835,57.42],[-1.781,57.474],[-1.778,57.494],[-1.867,57.612],[-1.962,57.677],[-2.074,57.702],[-2.244,57.681],[-2.856,57.692],[-2.947,57.689],[-3.036,57.672],[-3.084,57.673],[-3.295,57.71],[-3.403,57.708],[-3.628,57.662],[-3.868,57.6],[-3.988,57.581],[-4.135,57.578],[-4.078,57.677],[-3.888,57.787],[-3.857,57.819],[-3.907,57.84],[-4.036,57.852],[-4.02,57.914],[-3.99,57.959],[-3.775,58.052],[-3.411,58.24],[-3.212,58.321],[-3.137,58.378],[-3.113,58.409],[-3.101,58.434],[-3.11,58.515],[-3.057,58.589],[-3.046,58.616],[-3.053,58.635],[-3.259,58.65],[-3.454,58.617],[-3.662,58.606],[-3.86,58.577],[-4.189,58.557],[-4.433,58.513],[-4.492,58.568],[-4.535,58.562],[-4.678,58.514],[-4.715,58.51],[-4.766,58.554],[-4.81,58.573],[-4.925,58.588],[-4.976,58.58],[-5,58.572],[-5,56.232],[-4.997,56.233],[-5,56.231],[-5,56.003],[-4.97,56.008],[-4.927,56.028],[-4.856,56.115],[-4.819,56.15],[-4.8,56.158],[-4.841,56.081],[-4.844,56.051],[-4.671,55.967],[-4.584,55.939],[-4.807,55.94],[-4.826,55.93],[-4.872,55.874],[-4.89,55.781],[-4.892,55.699],[-4.724,55.598],[-4.684,55.554],[-4.677,55.501],[-4.721,55.421],[-4.785,55.359],[-4.965,55.149],[-5,55.088],[-5,54.742],[-4.911,54.689],[-4.89,54.772],[-4.852,54.825],[-4.818,54.846],[-4.648,54.789],[-4.517,54.758],[-4.41,54.787],[-4.304,54.836],[-4.253,54.847],[-4.208,54.837],[-4.174,54.801],[-4.133,54.779],[-4.076,54.787],[-3.958,54.781],[-3.899,54.805],[-3.842,54.843],[-3.783,54.87],[-3.719,54.876],[-3.658,54.893],[-3.55,54.947],[-3.434,54.964],[-3.081,54.962],[-3.036,54.953],[-3.268,54.907],[-3.465,54.773],[-3.592,54.564],[-3.569,54.468],[-3.41,54.306],[-3.322,54.229],[-3.166,54.128],[-3.11,54.126],[-3.055,54.153],[-2.994,54.171],[-2.868,54.177],[-2.846,54.135],[-2.862,54.044],[-2.9,53.961],[-3.027,53.906],[-3.045,53.844],[-3.032,53.774],[-2.984,53.747],[-2.925,53.733],[-2.996,53.663],[-3.059,53.586],[-3.065,53.513],[-2.97,53.389],[-2.913,53.35],[-2.845,53.332],[-2.794,53.331],[-2.75,53.31],[-2.864,53.293],[-2.919,53.305],[-3.065,53.427],[-3.166,53.395],[-3.098,53.26],[-3.326,53.347],[-3.428,53.341],[-3.53,53.311],[-3.646,53.298],[-3.764,53.308],[-3.809,53.303],[-4.111,53.219],[-4.269,53.145],[-4.328,53.105],[-4.362,53.056],[-4.405,53.014],[-4.526,52.958],[-4.638,52.891],[-4.681,52.844],[-4.683,52.806],[-4.584,52.815],[-4.472,52.862],[-4.356,52.897],[-4.229,52.913],[-4.101,52.915],[-4.115,52.866],[-4.118,52.82],[-4.067,52.761],[-4.039,52.704],[-4.071,52.659],[-4.079,52.608],[-4.048,52.558],[-3.98,52.542],[-4.051,52.475],[-4.1,52.393],[-4.149,52.326],[-4.218,52.277],[-4.383,52.197],[-4.561,52.151],[-4.879,52.042],[-5,52.015],[-5,51.661],[-4.902,51.626],[-4.718,51.684],[-4.601,51.738],[-4.531,51.748],[-4.386,51.741],[-4.328,51.7],[-4.276,51.683],[-4.091,51.66],[-4.174,51.627],[-4.235,51.569],[-4.115,51.566],[-3.998,51.582],[-3.944,51.598],[-3.891,51.592],[-3.763,51.54],[-3.562,51.414],[-3.293,51.39],[-3.259,51.398],[-3.08,51.496],[-2.979,51.539],[-2.742,51.581],[-2.668,51.623]]],[[[-4.197,53.321],[-4.315,53.417],[-4.462,53.419],[-4.568,53.386],[-4.553,53.26],[-4.472,53.176],[-4.419,53.178],[-4.373,53.134],[-4.279,53.172],[-4.2,53.218],[-4.084,53.264],[-4.049,53.306],[-4.155,53.303],[-4.197,53.321]]],[[[-3.165,58.794],[-3.159,58.801],[-3.212,58.814],[-3.222,58.826],[-3.228,58.857],[-3.272,58.905],[-3.357,58.919],[-3.395,58.91],[-3.401,58.882],[-3.367,58.84],[-3.279,58.782],[-3.222,58.781],[-3.165,58.794]]],[[[-2.929,58.742],[-2.913,58.8],[-2.896,58.828],[-2.941,58.836],[-3.035,58.823],[-2.975,58.757],[-2.939,58.739],[-2.929,58.742]]],[[[-2.966,59],[-3.35,59],[-3.347,58.987],[-3.332,58.971],[-3.304,58.967],[-3.242,59],[-3.233,58.99],[-3.233,58.956],[-3.223,58.939],[-3.201,58.925],[-3.167,58.919],[-2.995,58.939],[-2.864,58.891],[-2.826,58.893],[-2.793,58.907],[-2.762,58.956],[-2.818,58.982],[-2.885,58.985],[-2.966,59]]],[[[-1.066,50.69],[-1.144,50.735],[-1.313,50.773],[-1.386,50.734],[-1.516,50.703],[-1.563,50.666],[-1.515,50.67],[-1.306,50.589],[-1.251,50.589],[-1.196,50.599],[-1.176,50.615],[-1.149,50.656],[-1.066,50.69]]]]},"properties":{"NAME":"United Kingdom"}},
{"type":"Feature","geometry":{"type":"Polygon","coordinates":[[[25,47.729],[25,51.917],[24.974,51.911],[24.866,51.899],[24.685,51.888],[24.611,51.89],[24.495,51.883],[24.362,51.868],[24.324,51.838],[24.28,51.775],[24.127,51.665],[23.978,51.591],[23.951,51.585],[23.864,51.624],[23.792,51.637],[23.707,51.641],[23.647,51.629],[23.609,51.61],[23.614,51.525],[23.605,51.518],[23.659,51.449],[23.68,51.395],[23.658,51.352],[23.664,51.31],[23.712,51.265],[23.863,51.126],[23.938,50.993],[23.986,50.94],[24.096,50.873],[24.106,50.845],[24.062,50.82],[24.026,50.816],[23.997,50.809],[23.978,50.786],[24.007,50.76],[24.046,50.723],[24.095,50.617],[24.09,50.53],[24.053,50.508],[24.005,50.457],[23.973,50.41],[23.712,50.377],[23.649,50.327],[23.506,50.23],[23.409,50.174],[23.264,50.073],[23.036,49.899],[22.952,49.826],[22.891,49.766],[22.706,49.606],[22.649,49.539],[22.661,49.484],[22.72,49.354],[22.732,49.295],[22.722,49.241],[22.702,49.193],[22.706,49.171],[22.76,49.136],[22.847,49.081],[22.852,49.063],[22.84,49.039],[22.81,49.021],[22.701,49.04],[22.58,49.077],[22.539,49.073],[22.524,49.031],[22.483,48.983],[22.432,48.934],[22.389,48.873],[22.333,48.745],[22.295,48.686],[22.143,48.569],[22.132,48.405],[22.227,48.413],[22.231,48.412],[22.254,48.407],[22.269,48.361],[22.272,48.358],[22.295,48.327],[22.317,48.287],[22.35,48.256],[22.424,48.243],[22.52,48.205],[22.582,48.134],[22.676,48.104],[22.683,48.104],[22.702,48.107],[22.769,48.11],[22.782,48.095],[22.836,48.06],[22.857,48.03],[22.846,47.997],[22.856,47.96],[22.877,47.947],[22.913,47.964],[23.055,48.007],[23.091,48.049],[23.139,48.087],[23.203,48.085],[23.408,47.99],[23.629,47.996],[23.669,47.992],[23.682,47.99],[23.709,47.983],[24.002,47.936],[24.047,47.941],[24.06,47.945],[24.178,47.906],[24.282,47.911],[24.381,47.938],[24.484,47.947],[24.579,47.931],[24.651,47.877],[24.838,47.761],[24.893,47.718],[24.979,47.724],[25,47.729]]]},"properties":{"NAME":"Ukraine"}},
{"type":"Feature","geometry":{"type":"Polygon","coordinates":[[[9.524,47.524],[9.35,47.599],[9.183,47.671],[9.128,47.671],[8.881,47.656],[8.874,47.663],[8.831,47.704],[8.793,47.717],[8.77,47.71],[8.755,47.698],[8.728,47.7],[8.618,47.766],[8.573,47.776],[8.51,47.767],[8.436,47.731],[8.403,47.688],[8.413,47.663],[8.452,47.652],[8.552,47.659],[8.567,47.652],[8.571,47.638],[8.559,47.624],[8.478,47.613],[8.454,47.596],[8.43,47.592],[8.415,47.59],[8.328,47.607],[8.198,47.607],[8.094,47.576],[7.927,47.564],[7.698,47.57],[7.616,47.593],[7.495,47.547],[7.467,47.508],[7.42,47.455],[7.343,47.433],[7.266,47.426],[7.203,47.433],[7.167,47.454],[7.169,47.473],[7.136,47.49],[7.053,47.489],[6.968,47.453],[6.9,47.394],[6.921,47.361],[6.984,47.353],[7.001,47.339],[7.001,47.323],[6.979,47.302],[6.952,47.267],[6.821,47.163],[6.688,47.058],[6.667,47.027],[6.625,47.004],[6.456,46.948],[6.439,46.926],[6.429,46.832],[6.41,46.755],[6.285,46.683],[6.161,46.611],[6.13,46.567],[6.107,46.516],[6.068,46.459],[6.06,46.428],[6.123,46.379],[6.116,46.338],[6.096,46.279],[6.036,46.238],[5.97,46.215],[5.971,46.151],[6.007,46.142],[6.087,46.147],[6.199,46.193],[6.273,46.252],[6.23,46.308],[6.224,46.319],[6.235,46.333],[6.322,46.394],[6.429,46.431],[6.578,46.437],[6.758,46.416],[6.776,46.407],[6.767,46.369],[6.784,46.314],[6.817,46.275],[6.772,46.165],[6.806,46.131],[6.858,46.089],[6.897,46.052],[6.954,46.017],[7.004,45.959],[7.021,45.926],[7.056,45.904],[7.129,45.88],[7.328,45.912],[7.452,45.944],[7.539,45.978],[7.593,45.972],[7.788,45.922],[7.852,45.947],[7.993,46.016],[8.014,46.052],[8.125,46.161],[8.127,46.188],[8.082,46.256],[8.096,46.271],[8.232,46.341],[8.299,46.403],[8.371,46.445],[8.423,46.446],[8.437,46.432],[8.443,46.403],[8.438,46.283],[8.458,46.246],[8.565,46.16],[8.642,46.111],[8.819,46.077],[8.827,46.061],[8.778,45.996],[8.885,45.919],[8.904,45.862],[8.954,45.83],[9.024,45.846],[9.047,45.876],[9.019,45.928],[8.999,45.983],[9.003,46.015],[9.022,46.051],[9.071,46.102],[9.203,46.219],[9.251,46.287],[9.26,46.391],[9.26,46.475],[9.304,46.496],[9.399,46.481],[9.428,46.482],[9.441,46.431],[9.481,46.349],[9.529,46.306],[9.58,46.296],[9.639,46.296],[9.788,46.346],[9.884,46.368],[9.939,46.362],[9.972,46.328],[10.041,46.238],[10.081,46.228],[10.128,46.238],[10.145,46.254],[10.13,46.288],[10.11,46.363],[10.082,46.421],[10.046,46.448],[10.038,46.483],[10.061,46.547],[10.087,46.6],[10.138,46.614],[10.196,46.621],[10.272,46.565],[10.363,46.547],[10.431,46.55],[10.442,46.583],[10.438,46.619],[10.398,46.665],[10.406,46.735],[10.453,46.865],[10.455,46.899],[10.415,46.964],[10.349,46.985],[10.18,46.862],[10.133,46.852],[9.997,46.885],[9.878,46.938],[9.865,46.976],[9.845,47.007],[9.745,47.037],[9.62,47.057],[9.58,47.057],[9.502,47.063],[9.488,47.062],[9.479,47.098],[9.484,47.173],[9.528,47.271],[9.609,47.392],[9.626,47.467],[9.554,47.511],[9.524,47.524]]]},"properties":{"NAME":"Switzerland"}},
{"type":"Feature","geometry":{"type":"MultiPolygon","coordinates":[[[[19.076,57.836],[18.956,57.9],[18.901,57.915],[18.841,57.9],[18.805,57.833],[18.722,57.864],[18.537,57.831],[18.405,57.757],[18.283,57.655],[18.205,57.611],[18.137,57.557],[18.129,57.449],[18.152,57.339],[18.105,57.272],[18.164,57.212],[18.21,57.133],[18.285,57.083],[18.207,57.01],[18.146,56.921],[18.249,56.932],[18.34,56.978],[18.387,57.088],[18.477,57.163],[18.538,57.197],[18.7,57.243],[18.743,57.324],[18.785,57.361],[18.844,57.386],[18.908,57.398],[18.791,57.483],[18.814,57.706],[18.878,57.73],[18.945,57.742],[18.994,57.812],[19.076,57.836]]],[[[16.529,56.291],[16.778,56.805],[16.838,56.841],[16.884,56.985],[17.054,57.208],[17.058,57.229],[17.05,57.28],[17.118,57.32],[17.089,57.332],[17.025,57.345],[16.996,57.318],[16.961,57.25],[16.902,57.175],[16.865,57.091],[16.728,56.902],[16.63,56.877],[16.412,56.569],[16.394,56.484],[16.401,56.311],[16.432,56.244],[16.477,56.24],[16.529,56.291]]],[[[11.412,59],[11.151,59],[11.147,58.989],[11.169,58.923],[11.208,58.866],[11.224,58.68],[11.272,58.476],[11.252,58.424],[11.248,58.369],[11.33,58.38],[11.432,58.34],[11.449,58.118],[11.549,58.001],[11.703,57.973],[11.729,57.764],[11.735,57.718],[11.879,57.679],[11.885,57.613],[11.917,57.522],[11.962,57.426],[12.053,57.447],[12.152,57.227],[12.421,56.906],[12.573,56.823],[12.718,56.663],[12.793,56.649],[12.884,56.618],[12.92,56.516],[12.857,56.452],[12.773,56.456],[12.656,56.441],[12.691,56.384],[12.742,56.347],[12.802,56.264],[12.753,56.242],[12.706,56.235],[12.507,56.293],[12.471,56.291],[12.521,56.246],[12.593,56.138],[12.835,55.882],[12.942,55.806],[12.974,55.748],[12.978,55.694],[12.963,55.613],[12.939,55.533],[12.941,55.482],[12.886,55.411],[13.321,55.346],[13.806,55.429],[14.08,55.392],[14.174,55.397],[14.342,55.528],[14.276,55.636],[14.203,55.729],[14.215,55.833],[14.262,55.888],[14.402,55.977],[14.473,56.014],[14.559,56.049],[14.656,56.02],[14.755,56.033],[14.714,56.134],[14.782,56.162],[15.051,56.172],[15.327,56.151],[15.51,56.183],[15.627,56.186],[15.722,56.164],[15.827,56.125],[15.92,56.167],[15.997,56.223],[16.151,56.501],[16.217,56.59],[16.349,56.709],[16.408,56.809],[16.458,56.927],[16.528,57.068],[16.507,57.142],[16.479,57.188],[16.476,57.265],[16.631,57.43],[16.652,57.501],[16.604,57.568],[16.584,57.642],[16.586,57.761],[16.555,57.812],[16.597,57.913],[16.695,57.918],[16.7,58.161],[16.77,58.214],[16.717,58.303],[16.652,58.434],[16.824,58.46],[16.924,58.493],[16.788,58.585],[16.683,58.6],[16.478,58.613],[16.391,58.602],[16.318,58.628],[16.214,58.637],[16.316,58.664],[16.639,58.651],[16.978,58.654],[17.103,58.711],[17.348,58.781],[17.457,58.858],[17.67,58.916],[17.765,58.965],[17.829,58.955],[17.967,59],[11.698,59],[11.643,58.926],[11.544,58.893],[11.471,58.91],[11.412,59]]],[[[19.156,57.923],[19.331,57.963],[19.281,57.978],[19.135,57.981],[19.039,57.911],[19.087,57.865],[19.138,57.86],[19.156,57.923]]]]},"properties":{"NAME":"Sweden"}},
{"type":"Feature","geometry":{"type":"Polygon","coordinates":[[[-1.794,43.407],[-1.829,43.401],[-1.991,43.345],[-2.197,43.322],[-2.337,43.328],[-2.607,43.413],[-2.875,43.454],[-2.948,43.44],[-3.046,43.372],[-3.418,43.452],[-3.524,43.511],[-3.605,43.519],[-3.774,43.478],[-3.889,43.499],[-4.015,43.463],[-4.313,43.415],[-4.523,43.416],[-5,43.486],[-5,42],[3.244,42],[3.238,42.082],[3.225,42.111],[3.175,42.136],[3.15,42.162],[3.166,42.256],[3.219,42.26],[3.307,42.289],[3.288,42.344],[3.24,42.368],[3.211,42.431],[3.152,42.431],[3.053,42.447],[2.97,42.467],[2.891,42.456],[2.816,42.429],[2.749,42.413],[2.702,42.408],[2.67,42.393],[2.655,42.362],[2.652,42.34],[2.568,42.346],[2.374,42.39],[2.2,42.421],[2.098,42.386],[2.033,42.354],[1.987,42.358],[1.951,42.393],[1.928,42.426],[1.86,42.457],[1.706,42.503],[1.679,42.497],[1.586,42.456],[1.534,42.442],[1.486,42.434],[1.449,42.437],[1.428,42.461],[1.43,42.498],[1.422,42.531],[1.415,42.548],[1.428,42.596],[1.349,42.691],[1.293,42.71],[1.208,42.713],[1.111,42.742],[1.01,42.779],[0.764,42.838],[0.697,42.845],[0.67,42.836],[0.652,42.8],[0.642,42.701],[0.632,42.69],[0.518,42.686],[0.377,42.7],[0.313,42.693],[0.255,42.693],[0.201,42.719],[-0.041,42.689],[-0.081,42.704],[-0.14,42.749],[-0.205,42.785],[-0.256,42.804],[-0.299,42.825],[-0.339,42.829],[-0.398,42.808],[-0.481,42.799],[-0.55,42.802],[-0.586,42.799],[-0.74,42.91],[-0.763,42.94],[-0.839,42.948],[-0.934,42.95],[-1.175,43.021],[-1.285,43.06],[-1.302,43.082],[-1.3,43.101],[-1.319,43.097],[-1.353,43.064],[-1.371,43.038],[-1.394,43.033],[-1.429,43.037],[-1.461,43.052],[-1.48,43.071],[-1.459,43.105],[-1.423,43.149],[-1.407,43.197],[-1.411,43.24],[-1.472,43.268],[-1.561,43.279],[-1.627,43.282],[-1.713,43.307],[-1.753,43.325],[-1.793,43.373],[-1.794,43.407]]]},"properties":{"NAME":"Spain"}},
{"type":"Feature","geometry":{"type":"Polygon","coordinates":[[[22.539,49.073],[22.473,49.081],[22.203,49.153],[22.02,49.21],[22.002,49.246],[21.968,49.299],[21.89,49.343],[21.712,49.382],[21.64,49.412],[21.35,49.429],[21.225,49.429],[21.136,49.417],[21.079,49.418],[21.001,49.34],[20.947,49.317],[20.868,49.315],[20.8,49.329],[20.729,49.37],[20.616,49.392],[20.535,49.381],[20.475,49.39],[20.423,49.392],[20.405,49.384],[20.363,49.385],[20.303,49.366],[20.237,49.338],[20.164,49.316],[20.108,49.271],[20.058,49.181],[19.916,49.221],[19.869,49.204],[19.802,49.192],[19.757,49.204],[19.767,49.235],[19.788,49.27],[19.787,49.319],[19.774,49.372],[19.73,49.39],[19.664,49.396],[19.63,49.407],[19.627,49.424],[19.593,49.447],[19.535,49.505],[19.48,49.576],[19.442,49.598],[19.386,49.564],[19.302,49.525],[19.25,49.511],[19.149,49.4],[18.968,49.396],[18.957,49.448],[18.938,49.498],[18.832,49.511],[18.807,49.509],[18.75,49.494],[18.676,49.488],[18.596,49.491],[18.535,49.465],[18.476,49.421],[18.416,49.391],[18.383,49.364],[18.365,49.336],[18.161,49.257],[18.133,49.225],[18.11,49.18],[18.1,49.119],[18.086,49.065],[18.051,49.037],[17.941,49.012],[17.913,48.999],[17.893,48.971],[17.831,48.929],[17.758,48.888],[17.625,48.842],[17.483,48.828],[17.297,48.843],[17.188,48.861],[17.136,48.841],[17.063,48.781],[16.985,48.677],[16.953,48.599],[16.949,48.589],[16.943,48.551],[16.904,48.504],[16.863,48.441],[16.865,48.387],[16.973,48.198],[17.068,48.083],[17.086,48.04],[17.147,48.006],[17.175,48.012],[17.277,48.004],[17.302,47.993],[17.317,47.991],[17.481,47.888],[17.635,47.81],[17.762,47.77],[17.948,47.767],[18.146,47.763],[18.476,47.777],[18.724,47.787],[18.741,47.806],[18.778,47.853],[18.748,47.893],[18.75,47.939],[18.792,48],[18.914,48.051],[19.265,48.073],[19.467,48.111],[19.497,48.162],[19.564,48.213],[19.625,48.223],[19.709,48.2],[19.81,48.155],[19.899,48.131],[19.95,48.147],[20.129,48.222],[20.334,48.296],[20.475,48.495],[20.49,48.527],[20.643,48.55],[20.867,48.546],[20.981,48.52],[21.067,48.506],[21.196,48.511],[21.382,48.553],[21.451,48.552],[21.505,48.522],[21.563,48.496],[21.603,48.464],[21.633,48.419],[21.649,48.401],[21.675,48.378],[21.721,48.347],[21.767,48.338],[22.111,48.393],[22.132,48.405],[22.143,48.569],[22.295,48.686],[22.333,48.745],[22.389,48.873],[22.432,48.934],[22.483,48.983],[22.524,49.031],[22.539,49.073]]]},"properties":{"NAME":"Slovakia"}},
{"type":"Feature","geometry":{"type":"Polygon","coordinates":[[[16.516,46.5],[16.506,46.522],[16.418,46.607],[16.381,46.639],[16.385,46.681],[16.367,46.705],[16.335,46.722],[16.318,46.783],[16.308,46.828],[16.284,46.857],[16.093,46.863],[16.037,46.845],[15.977,46.801],[15.98,46.706],[15.972,46.697],[15.958,46.678],[15.767,46.711],[15.76,46.711],[15.633,46.698],[15.545,46.655],[15.439,46.63],[15.217,46.643],[15.001,46.626],[14.949,46.613],[14.893,46.606],[14.841,46.58],[14.811,46.545],[14.757,46.499],[14.68,46.463],[14.597,46.436],[14.577,46.413],[14.55,46.4],[14.504,46.417],[14.466,46.416],[14.42,46.428],[14.267,46.441],[14.1,46.462],[14.02,46.482],[13.929,46.498],[13.831,46.511],[13.744,46.514],[13.7,46.52],[13.68,46.463],[13.637,46.449],[13.563,46.415],[13.479,46.369],[13.4,46.318],[13.378,46.262],[13.4,46.225],[13.421,46.212],[13.45,46.224],[13.492,46.217],[13.545,46.197],[13.633,46.177],[13.635,46.158],[13.617,46.133],[13.548,46.089],[13.486,46.04],[13.48,46.009],[13.488,45.987],[13.509,45.974],[13.601,45.98],[13.614,45.962],[13.57,45.834],[13.583,45.812],[13.663,45.792],[13.722,45.761],[13.831,45.68],[13.875,45.615],[13.845,45.593],[13.776,45.582],[13.72,45.588],[13.637,45.536],[13.578,45.517],[13.615,45.477],[13.879,45.428],[13.936,45.45],[13.97,45.483],[13.97,45.503],[13.993,45.509],[14.086,45.478],[14.161,45.485],[14.283,45.487],[14.37,45.481],[14.427,45.506],[14.505,45.595],[14.534,45.645],[14.569,45.657],[14.592,45.651],[14.609,45.61],[14.65,45.571],[14.734,45.508],[14.793,45.478],[14.847,45.467],[14.9,45.493],[14.955,45.5],[15.11,45.451],[15.242,45.441],[15.339,45.467],[15.327,45.502],[15.291,45.542],[15.284,45.58],[15.29,45.613],[15.357,45.646],[15.354,45.66],[15.273,45.718],[15.277,45.733],[15.454,45.798],[15.625,45.834],[15.652,45.862],[15.668,45.904],[15.676,45.984],[15.666,46.048],[15.597,46.109],[15.593,46.14],[15.609,46.172],[15.636,46.201],[15.704,46.213],[15.784,46.234],[15.848,46.258],[15.933,46.278],[16.001,46.305],[16.067,46.371],[16.106,46.382],[16.227,46.373],[16.253,46.389],[16.237,46.484],[16.258,46.508],[16.301,46.521],[16.321,46.535],[16.428,46.524],[16.516,46.5]]]},"properties":{"NAME":"Slovenia"}},
{"type":"Feature","geometry":{"type":"Polygon","coordinates":[[[22.705,44.238],[22.688,44.248],[22.683,44.286],[22.648,44.316],[22.582,44.338],[22.531,44.378],[22.495,44.435],[22.502,44.49],[22.554,44.54],[22.62,44.562],[22.701,44.556],[22.734,44.57],[22.721,44.606],[22.642,44.651],[22.498,44.706],[22.351,44.676],[22.201,44.561],[22.093,44.542],[22.027,44.62],[21.909,44.666],[21.74,44.681],[21.636,44.71],[21.597,44.755],[21.523,44.79],[21.36,44.827],[21.358,44.862],[21.384,44.87],[21.442,44.873],[21.52,44.881],[21.532,44.901],[21.533,44.919],[21.472,44.942],[21.41,44.958],[21.378,44.973],[21.357,44.991],[21.353,45.009],[21.371,45.021],[21.396,45.022],[21.421,45.033],[21.434,45.075],[21.468,45.11],[21.492,45.122],[21.49,45.148],[21.465,45.172],[21.431,45.193],[21.382,45.205],[21.226,45.241],[21.148,45.292],[21.1,45.294],[21.024,45.322],[20.942,45.365],[20.871,45.428],[20.794,45.468],[20.774,45.484],[20.772,45.5],[20.787,45.517],[20.786,45.536],[20.766,45.597],[20.779,45.662],[20.776,45.723],[20.775,45.75],[20.76,45.758],[20.747,45.749],[20.728,45.737],[20.709,45.735],[20.653,45.779],[20.581,45.869],[20.533,45.9],[20.438,45.941],[20.359,45.975],[20.301,46.051],[20.242,46.109],[20.21,46.126],[20.161,46.142],[19.934,46.161],[19.844,46.146],[19.725,46.152],[19.613,46.169],[19.531,46.155],[19.458,46.087],[19.421,46.064],[19.393,46.05],[19.33,46.029],[19.278,46.003],[19.208,45.984],[19.146,45.987],[19.087,46.016],[19.066,46.01],[19.048,45.983],[19.016,45.96],[18.928,45.931],[18.905,45.932],[18.901,45.908],[18.894,45.866],[18.839,45.836],[18.895,45.767],[18.947,45.656],[18.918,45.601],[18.954,45.558],[19.055,45.527],[19.064,45.515],[19.033,45.502],[19.008,45.466],[19.005,45.4],[19.093,45.337],[19.273,45.278],[19.33,45.268],[19.352,45.245],[19.382,45.231],[19.4,45.213],[19.401,45.189],[19.388,45.173],[19.303,45.167],[19.206,45.168],[19.137,45.196],[19.131,45.175],[19.13,45.152],[19.063,45.137],[19.1,44.974],[19.085,44.927],[19.061,44.911],[19.038,44.918],[19.01,44.919],[18.996,44.904],[19.007,44.869],[19.042,44.871],[19.132,44.9],[19.237,44.914],[19.313,44.897],[19.349,44.881],[19.357,44.859],[19.334,44.781],[19.292,44.697],[19.223,44.61],[19.151,44.527],[19.132,44.484],[19.127,44.415],[19.118,44.36],[19.128,44.33],[19.152,44.303],[19.232,44.281],[19.339,44.226],[19.43,44.154],[19.547,44.073],[19.584,44.043],[19.584,44.011],[19.55,43.987],[19.449,43.978],[19.345,43.985],[19.305,43.993],[19.268,43.983],[19.245,43.965],[19.257,43.943],[19.364,43.845],[19.488,43.704],[19.495,43.643],[19.48,43.595],[19.451,43.562],[19.4,43.568],[19.36,43.593],[19.301,43.592],[19.254,43.584],[19.194,43.533],[19.192,43.521],[19.196,43.485],[19.219,43.45],[19.298,43.414],[19.415,43.343],[19.552,43.212],[19.614,43.173],[19.671,43.164],[19.781,43.11],[19.858,43.097],[19.944,43.082],[20.168,42.969],[20.268,42.935],[20.34,42.893],[20.348,42.853],[20.344,42.828],[20.469,42.858],[20.487,42.879],[20.458,42.925],[20.475,42.953],[20.624,43.034],[20.649,43.071],[20.658,43.1],[20.638,43.13],[20.61,43.178],[20.623,43.199],[20.701,43.226],[20.763,43.259],[20.801,43.261],[20.824,43.238],[20.824,43.214],[20.844,43.173],[20.891,43.152],[20.968,43.116],[21.057,43.092],[21.127,43.043],[21.223,42.956],[21.237,42.913],[21.323,42.875],[21.403,42.832],[21.391,42.751],[21.663,42.681],[21.724,42.682],[21.753,42.67],[21.752,42.652],[21.731,42.595],[21.619,42.423],[21.61,42.387],[21.53,42.35],[21.519,42.328],[21.542,42.281],[21.563,42.248],[21.618,42.242],[21.739,42.268],[21.815,42.303],[21.853,42.308],[21.904,42.322],[21.978,42.32],[22.052,42.305],[22.147,42.325],[22.24,42.358],[22.277,42.35],[22.317,42.322],[22.344,42.314],[22.422,42.329],[22.446,42.359],[22.524,42.441],[22.532,42.481],[22.524,42.504],[22.472,42.543],[22.436,42.629],[22.463,42.709],[22.466,42.751],[22.439,42.792],[22.467,42.842],[22.523,42.87],[22.558,42.878],[22.706,42.884],[22.8,42.986],[22.857,43.018],[22.915,43.076],[22.942,43.097],[22.968,43.142],[22.977,43.188],[22.86,43.252],[22.82,43.301],[22.768,43.354],[22.697,43.391],[22.555,43.454],[22.499,43.519],[22.474,43.602],[22.436,43.665],[22.395,43.707],[22.387,43.74],[22.37,43.781],[22.365,43.862],[22.399,43.97],[22.421,44.007],[22.469,44.018],[22.597,44.075],[22.603,44.149],[22.627,44.194],[22.667,44.22],[22.705,44.238]]]},"properties":{"NAME":"Serbia"}},
{"type":"Feature","geometry":{"type":"Polygon","coordinates":[[[12.485,43.901],[12.515,43.953],[12.504,43.99],[12.441,43.982],[12.397,43.935],[12.426,43.894],[12.485,43.901]]]},"properties":{"NAME":"San Marino"}},
{"type":"Feature","geometry":{"type":"Polygon","coordinates":[[[20.958,55.279],[20.9,55.287],[20.846,55.232],[20.679,55.103],[20.52,54.995],[20.397,54.951],[20.108,54.956],[19.975,54.921],[19.953,54.83],[19.944,54.75],[19.859,54.634],[19.758,54.545],[19.604,54.459],[19.644,54.447],[19.924,54.434],[20.208,54.421],[20.665,54.407],[21.141,54.392],[21.634,54.376],[22.168,54.36],[22.732,54.35],[22.766,54.357],[22.724,54.406],[22.68,54.493],[22.684,54.563],[22.71,54.633],[22.831,54.838],[22.825,54.871],[22.737,54.929],[22.627,54.971],[22.567,55.059],[22.346,55.064],[22.138,55.059],[22.072,55.064],[21.874,55.101],[21.683,55.16],[21.555,55.195],[21.447,55.234],[21.389,55.276],[21.298,55.264],[21.236,55.264],[21.223,55.108],[21.189,54.935],[20.996,54.903],[20.888,54.909],[20.774,54.947],[20.678,54.956],[20.595,54.982],[20.859,55.184],[20.958,55.279]]]},"properties":{"NAME":"Russia"}},
{"type":"Feature","geometry":{"type":"Polygon","coordinates":[[[25,43.71],[25,47.729],[24.979,47.724],[24.893,47.718],[24.838,47.761],[24.651,47.877],[24.579,47.931],[24.484,47.947],[24.381,47.938],[24.282,47.911],[24.178,47.906],[24.06,47.945],[24.047,47.941],[24.002,47.936],[23.709,47.983],[23.682,47.99],[23.669,47.992],[23.629,47.996],[23.408,47.99],[23.203,48.085],[23.139,48.087],[23.091,48.049],[23.055,48.007],[22.913,47.964],[22.877,47.947],[22.852,47.923],[22.677,47.799],[22.608,47.766],[22.563,47.76],[22.491,47.773],[22.417,47.763],[22.351,47.736],[22.291,47.728],[22.245,47.696],[22.185,47.629],[22.112,47.572],[22.038,47.537],[22,47.505],[21.995,47.396],[21.954,47.364],[21.899,47.333],[21.869,47.305],[21.785,47.138],[21.722,47.085],[21.661,47.044],[21.651,47.007],[21.653,46.964],[21.584,46.878],[21.494,46.79],[21.477,46.753],[21.497,46.704],[21.411,46.648],[21.361,46.621],[21.32,46.608],[21.295,46.572],[21.252,46.486],[21.263,46.448],[21.265,46.412],[21.192,46.392],[21.17,46.353],[21.152,46.304],[21.122,46.282],[21.04,46.242],[20.837,46.26],[20.76,46.246],[20.737,46.217],[20.733,46.194],[20.707,46.173],[20.661,46.146],[20.614,46.133],[20.508,46.167],[20.281,46.133],[20.242,46.109],[20.301,46.051],[20.359,45.975],[20.438,45.941],[20.533,45.9],[20.581,45.869],[20.653,45.779],[20.709,45.735],[20.728,45.737],[20.747,45.749],[20.76,45.758],[20.775,45.75],[20.776,45.723],[20.779,45.662],[20.766,45.597],[20.786,45.536],[20.787,45.517],[20.772,45.5],[20.774,45.484],[20.794,45.468],[20.871,45.428],[20.942,45.365],[21.024,45.322],[21.1,45.294],[21.148,45.292],[21.226,45.241],[21.382,45.205],[21.431,45.193],[21.465,45.172],[21.49,45.148],[21.492,45.122],[21.468,45.11],[21.434,45.075],[21.421,45.033],[21.396,45.022],[21.371,45.021],[21.353,45.009],[21.357,44.991],[21.378,44.973],[21.41,44.958],[21.472,44.942],[21.533,44.919],[21.532,44.901],[21.52,44.881],[21.442,44.873],[21.384,44.87],[21.358,44.862],[21.36,44.827],[21.523,44.79],[21.597,44.755],[21.636,44.71],[21.74,44.681],[21.909,44.666],[22.027,44.62],[22.093,44.542],[22.201,44.561],[22.351,44.676],[22.498,44.706],[22.642,44.651],[22.721,44.606],[22.734,44.57],[22.701,44.556],[22.62,44.562],[22.554,44.54],[22.502,44.49],[22.495,44.435],[22.531,44.378],[22.582,44.338],[22.648,44.316],[22.683,44.286],[22.688,44.248],[22.705,44.238],[22.775,44.195],[22.945,44.127],[23.029,44.078],[23.024,44.047],[22.985,44.017],[22.911,43.987],[22.868,43.948],[22.856,43.899],[22.868,43.865],[22.919,43.834],[23.225,43.874],[23.535,43.854],[23.951,43.787],[24.227,43.763],[24.431,43.794],[24.808,43.738],[25,43.71]]]},"properties":{"NAME":"Romania"}},
{"type":"Feature","geometry":{"type":"Polygon","coordinates":[[[23.605,51.518],[23.54,51.619],[23.545,51.71],[23.581,51.762],[23.626,51.809],[23.607,51.88],[23.651,51.973],[23.652,52.04],[23.633,52.07],[23.598,52.103],[23.501,52.14],[23.458,52.17],[23.327,52.208],[23.197,52.257],[23.175,52.287],[23.181,52.307],[23.204,52.338],[23.303,52.428],[23.411,52.516],[23.48,52.552],[23.845,52.664],[23.901,52.704],[23.915,52.77],[23.916,52.819],[23.909,52.905],[23.887,53.028],[23.859,53.112],[23.789,53.271],[23.599,53.599],[23.485,53.94],[23.478,53.959],[23.483,54.006],[23.481,54.079],[23.454,54.143],[23.37,54.2],[23.282,54.24],[23.17,54.281],[23.088,54.299],[23.042,54.304],[23.032,54.328],[23.016,54.348],[22.977,54.366],[22.894,54.391],[22.824,54.396],[22.766,54.357],[22.732,54.35],[22.168,54.36],[21.634,54.376],[21.141,54.392],[20.665,54.407],[20.208,54.421],[19.924,54.434],[19.644,54.447],[19.604,54.459],[19.56,54.435],[19.407,54.386],[18.976,54.349],[18.836,54.37],[18.67,54.431],[18.587,54.513],[18.436,54.745],[18.502,54.742],[18.678,54.665],[18.8,54.633],[18.759,54.685],[18.535,54.769],[18.323,54.838],[18.086,54.836],[17.843,54.817],[17.262,54.73],[17.007,54.652],[16.885,54.596],[16.56,54.554],[16.376,54.437],[16.292,54.362],[16.239,54.333],[16.186,54.29],[16.043,54.266],[15.9,54.254],[15.288,54.14],[14.716,54.018],[14.384,53.925],[14.249,53.932],[14.211,53.95],[14.198,53.919],[14.214,53.871],[14.351,53.859],[14.558,53.823],[14.565,53.754],[14.552,53.707],[14.572,53.676],[14.583,53.639],[14.488,53.672],[14.259,53.73],[14.266,53.707],[14.28,53.625],[14.299,53.556],[14.415,53.283],[14.412,53.217],[14.411,53.199],[14.369,53.106],[14.293,53.027],[14.194,52.982],[14.139,52.933],[14.129,52.878],[14.254,52.783],[14.514,52.646],[14.619,52.529],[14.57,52.431],[14.555,52.36],[14.574,52.314],[14.616,52.278],[14.68,52.25],[14.705,52.207],[14.692,52.15],[14.705,52.11],[14.753,52.082],[14.748,52.071],[14.725,52.031],[14.693,51.958],[14.675,51.905],[14.602,51.832],[14.624,51.771],[14.681,51.698],[14.725,51.662],[14.739,51.627],[14.711,51.545],[14.725,51.524],[14.906,51.463],[14.936,51.435],[14.953,51.377],[15.017,51.253],[14.964,51.095],[14.917,51.009],[14.814,50.872],[14.809,50.859],[14.896,50.861],[14.983,50.887],[14.99,50.927],[14.984,51.003],[14.994,51.014],[15.126,50.993],[15.259,50.959],[15.277,50.883],[15.313,50.846],[15.354,50.812],[15.395,50.796],[15.464,50.794],[15.644,50.749],[15.731,50.74],[15.819,50.709],[15.894,50.677],[15.949,50.67],[15.974,50.635],[16.007,50.612],[16.066,50.63],[16.282,50.656],[16.36,50.621],[16.413,50.585],[16.42,50.574],[16.392,50.542],[16.379,50.517],[16.357,50.5],[16.283,50.483],[16.241,50.455],[16.21,50.424],[16.231,50.394],[16.291,50.372],[16.334,50.367],[16.35,50.345],[16.488,50.248],[16.597,50.122],[16.639,50.102],[16.679,50.097],[16.725,50.116],[16.779,50.157],[16.842,50.187],[16.895,50.202],[16.99,50.237],[16.993,50.26],[16.915,50.345],[16.869,50.415],[16.88,50.427],[16.981,50.416],[17.152,50.378],[17.415,50.255],[17.462,50.255],[17.555,50.264],[17.655,50.284],[17.702,50.307],[17.72,50.299],[17.735,50.231],[17.709,50.194],[17.589,50.157],[17.596,50.14],[17.627,50.116],[17.681,50.101],[17.747,50.057],[17.792,50.007],[17.831,49.983],[17.875,49.972],[17.984,49.999],[18.015,50.02],[18.028,50.035],[18.05,50.032],[18.088,50.007],[18.099,49.993],[18.205,49.965],[18.266,49.93],[18.305,49.914],[18.348,49.93],[18.516,49.902],[18.562,49.879],[18.577,49.841],[18.569,49.818],[18.595,49.758],[18.807,49.614],[18.829,49.54],[18.832,49.511],[18.938,49.498],[18.957,49.448],[18.968,49.396],[19.149,49.4],[19.25,49.511],[19.302,49.525],[19.386,49.564],[19.442,49.598],[19.48,49.576],[19.535,49.505],[19.593,49.447],[19.627,49.424],[19.63,49.407],[19.664,49.396],[19.73,49.39],[19.774,49.372],[19.787,49.319],[19.788,49.27],[19.767,49.235],[19.757,49.204],[19.802,49.192],[19.869,49.204],[19.916,49.221],[20.058,49.181],[20.108,49.271],[20.164,49.316],[20.237,49.338],[20.303,49.366],[20.363,49.385],[20.405,49.384],[20.423,49.392],[20.475,49.39],[20.535,49.381],[20.616,49.392],[20.729,49.37],[20.8,49.329],[20.868,49.315],[20.947,49.317],[21.001,49.34],[21.079,49.418],[21.136,49.417],[21.225,49.429],[21.35,49.429],[21.64,49.412],[21.712,49.382],[21.89,49.343],[21.968,49.299],[22.002,49.246],[22.02,49.21],[22.203,49.153],[22.473,49.081],[22.539,49.073],[22.58,49.077],[22.701,49.04],[22.81,49.021],[22.84,49.039],[22.852,49.063],[22.847,49.081],[22.76,49.136],[22.706,49.171],[22.702,49.193],[22.722,49.241],[22.732,49.295],[22.72,49.354],[22.661,49.484],[22.649,49.539],[22.706,49.606],[22.891,49.766],[22.952,49.826],[23.036,49.899],[23.264,50.073],[23.409,50.174],[23.506,50.23],[23.649,50.327],[23.712,50.377],[23.973,50.41],[24.005,50.457],[24.053,50.508],[24.09,50.53],[24.095,50.617],[24.046,50.723],[24.007,50.76],[23.978,50.786],[23.997,50.809],[24.026,50.816],[24.062,50.82],[24.106,50.845],[24.096,50.873],[23.986,50.94],[23.938,50.993],[23.863,51.126],[23.712,51.265],[23.664,51.31],[23.658,51.352],[23.68,51.395],[23.659,51.449],[23.605,51.518]]]},"properties":{"NAME":"Poland"}},
{"type":"Feature","geometry":{"type":"MultiPolygon","coordinates":[[[[11.698,59],[11.412,59],[11.471,58.91],[11.544,58.893],[11.643,58.926],[11.698,59]]],[[[10.024,59],[9.817,59],[9.843,58.958],[9.96,58.968],[10.024,59]]],[[[9.686,59],[6.361,59],[6.214,58.945],[6.137,58.875],[6.099,58.87],[5.854,58.959],[5.671,59],[5.593,59],[5.556,58.975],[5.522,58.823],[5.517,58.727],[5.586,58.62],[5.707,58.524],[5.977,58.432],[6.055,58.375],[6.389,58.268],[6.492,58.259],[6.618,58.266],[6.66,58.263],[6.677,58.234],[6.692,58.224],[6.606,58.176],[6.555,58.123],[6.591,58.097],[6.731,58.068],[6.767,58.082],[6.771,58.132],[6.803,58.155],[6.877,58.151],[6.912,58.143],[6.895,58.121],[6.89,58.102],[6.903,58.071],[7.005,58.024],[7.194,58.048],[7.466,58.021],[7.876,58.08],[8.037,58.147],[8.166,58.145],[8.312,58.224],[8.521,58.301],[8.928,58.57],[9.178,58.675],[9.194,58.712],[9.239,58.739],[9.323,58.748],[9.396,58.806],[9.31,58.857],[9.551,58.933],[9.618,58.946],[9.657,58.971],[9.686,59]]],[[[6.265,59],[5.995,59],[6.017,58.988],[6.099,58.952],[6.265,59]]]]},"properties":{"NAME":"Norway"}},
{"type":"Feature","geometry":{"type":"MultiPolygon","coordinates":[[[[5.994,50.75],[6.048,50.905],[6.007,50.95],[5.955,50.973],[5.895,50.984],[5.867,51.006],[5.858,51.03],[5.868,51.045],[5.939,51.041],[5.961,51.057],[6.13,51.147],[6.137,51.165],[6.113,51.175],[6.082,51.18],[6.075,51.199],[6.076,51.224],[6.166,51.355],[6.193,51.411],[6.199,51.45],[6.193,51.489],[6.142,51.55],[6.091,51.599],[6.089,51.638],[6.053,51.658],[5.949,51.762],[5.949,51.803],[6.008,51.834],[6.09,51.854],[6.117,51.87],[6.167,51.881],[6.297,51.851],[6.356,51.825],[6.372,51.83],[6.425,51.858],[6.518,51.854],[6.742,51.911],[6.775,51.938],[6.8,51.967],[6.802,51.98],[6.716,52.036],[6.713,52.057],[6.725,52.08],[6.749,52.099],[6.8,52.111],[6.855,52.136],[6.977,52.206],[7.02,52.266],[7.033,52.331],[7.035,52.38],[7.002,52.419],[6.968,52.444],[6.922,52.44],[6.833,52.442],[6.749,52.464],[6.703,52.499],[6.692,52.53],[6.712,52.55],[6.719,52.574],[6.705,52.598],[6.711,52.618],[6.748,52.634],[7.013,52.634],[7.033,52.651],[7.051,52.745],[7.117,52.887],[7.179,52.966],[7.19,53],[7.189,53.187],[7.197,53.282],[7.058,53.301],[6.968,53.327],[6.912,53.375],[6.816,53.441],[6.564,53.434],[6.353,53.415],[6.062,53.407],[5.874,53.375],[5.532,53.269],[5.446,53.214],[5.358,53.096],[5.061,52.961],[4.888,52.908],[4.839,52.928],[4.769,52.941],[4.713,52.872],[4.678,52.81],[4.562,52.443],[4.483,52.309],[4.376,52.197],[4.209,52.059],[4.132,52.012],[4.085,51.994],[4.026,51.928],[3.979,51.848],[3.947,51.811],[4.135,51.673],[4.158,51.633],[4.183,51.61],[4.005,51.596],[4.08,51.551],[4.175,51.519],[4.239,51.504],[4.274,51.472],[4.206,51.457],[4.141,51.456],[3.886,51.574],[3.744,51.596],[3.549,51.589],[3.5,51.577],[3.449,51.541],[3.521,51.486],[3.587,51.454],[3.694,51.45],[3.822,51.409],[4.007,51.443],[4.139,51.402],[4.226,51.386],[4.304,51.362],[4.374,51.356],[4.404,51.367],[4.385,51.428],[4.441,51.46],[4.503,51.475],[4.532,51.449],[4.589,51.422],[4.634,51.422],[4.756,51.491],[4.784,51.477],[4.811,51.453],[4.816,51.433],[4.821,51.412],[4.848,51.403],[4.944,51.408],[4.993,51.445],[5.031,51.469],[5.059,51.453],[5.073,51.407],[5.1,51.346],[5.214,51.279],[5.311,51.26],[5.43,51.273],[5.477,51.285],[5.509,51.275],[5.54,51.239],[5.609,51.198],[5.752,51.169],[5.796,51.153],[5.827,51.126],[5.818,51.086],[5.75,50.989],[5.741,50.96],[5.75,50.95],[5.737,50.932],[5.648,50.867],[5.639,50.844],[5.669,50.806],[5.694,50.775],[5.747,50.76],[5.797,50.755],[5.892,50.753],[5.994,50.75]]],[[[4.226,51.386],[4.112,51.361],[4.011,51.396],[3.883,51.354],[3.717,51.369],[3.589,51.399],[3.426,51.394],[3.35,51.378],[3.38,51.291],[3.403,51.264],[3.433,51.246],[3.472,51.242],[3.517,51.264],[3.58,51.286],[3.682,51.276],[3.756,51.255],[3.782,51.233],[3.831,51.213],[3.902,51.208],[4.04,51.247],[4.173,51.307],[4.211,51.349],[4.226,51.386]]],[[[6.333,53.511],[6.291,53.515],[6.168,53.494],[6.159,53.484],[6.193,53.477],[6.333,53.511]]],[[[5.929,53.459],[5.928,53.465],[5.876,53.475],[5.708,53.473],[5.654,53.467],[5.665,53.455],[5.732,53.443],[5.929,53.459]]],[[[5.109,53.308],[5.027,53.31],[4.908,53.246],[4.924,53.235],[5.109,53.308]]],[[[5.326,53.386],[5.583,53.438],[5.557,53.444],[5.415,53.431],[5.19,53.392],[5.233,53.378],[5.326,53.386]]],[[[4.886,53.071],[4.886,53.183],[4.74,53.091],[4.709,53.036],[4.727,53.02],[4.787,53],[4.886,53.071]]],[[[3.949,51.739],[3.789,51.746],[3.699,51.73],[3.699,51.71],[3.732,51.678],[3.819,51.694],[3.951,51.627],[4.075,51.649],[4.068,51.667],[4.047,51.685],[3.949,51.739]]],[[[6.735,53.583],[6.801,53.625],[6.755,53.625],[6.669,53.606],[6.642,53.579],[6.735,53.583]]]]},"properties":{"NAME":"Netherlands"}},
{"type":"Feature","geometry":{"type":"Polygon","coordinates":[[[19.194,43.533],[19.164,43.535],[19.113,43.528],[19.08,43.518],[19.028,43.533],[18.974,43.542],[18.951,43.527],[18.94,43.497],[18.974,43.442],[19.037,43.357],[19.027,43.292],[18.979,43.285],[18.935,43.339],[18.896,43.348],[18.851,43.346],[18.749,43.284],[18.674,43.231],[18.657,43.194],[18.63,43.154],[18.622,43.125],[18.624,43.028],[18.488,43.012],[18.46,42.998],[18.444,42.968],[18.455,42.844],[18.466,42.777],[18.543,42.674],[18.546,42.642],[18.535,42.62],[18.48,42.579],[18.454,42.565],[18.436,42.56],[18.438,42.523],[18.477,42.481],[18.517,42.433],[18.554,42.429],[18.592,42.444],[18.646,42.443],[18.633,42.423],[18.619,42.398],[18.633,42.378],[18.894,42.249],[19.122,42.06],[19.157,42],[19.36,42],[19.352,42.024],[19.361,42.069],[19.331,42.129],[19.281,42.173],[19.329,42.249],[19.4,42.342],[19.465,42.415],[19.545,42.492],[19.597,42.565],[19.654,42.629],[19.703,42.648],[19.728,42.635],[19.741,42.607],[19.738,42.525],[19.754,42.497],[19.788,42.476],[19.86,42.486],[19.939,42.507],[20.046,42.55],[20.064,42.547],[20.07,42.557],[20.089,42.632],[20.066,42.686],[20.029,42.732],[20.054,42.76],[20.13,42.76],[20.193,42.755],[20.215,42.799],[20.344,42.828],[20.348,42.853],[20.34,42.893],[20.268,42.935],[20.168,42.969],[19.944,43.082],[19.858,43.097],[19.781,43.11],[19.671,43.164],[19.614,43.173],[19.552,43.212],[19.415,43.343],[19.298,43.414],[19.219,43.45],[19.196,43.485],[19.192,43.521],[19.194,43.533]]]},"properties":{"NAME":"Montenegro"}},
{"type":"Feature","geometry":{"type":"Polygon","coordinates":[[[7.439,43.75],[7.437,43.761],[7.414,43.771],[7.395,43.765],[7.38,43.753],[7.378,43.732],[7.439,43.75]]]},"properties":{"NAME":"Monaco"}},
{"type":"Feature","geometry":{"type":"Polygon","coordinates":[[[21.563,42.248],[21.561,42.248],[21.39,42.22],[21.332,42.187],[21.298,42.13],[21.287,42.1],[21.256,42.1],[21.206,42.129],[21.142,42.175],[21.06,42.171],[20.778,42.071],[20.75,42.018],[20.749,42],[22.829,42],[22.796,42.026],[22.682,42.059],[22.583,42.105],[22.498,42.165],[22.344,42.314],[22.317,42.322],[22.277,42.35],[22.24,42.358],[22.147,42.325],[22.052,42.305],[21.978,42.32],[21.904,42.322],[21.853,42.308],[21.815,42.303],[21.739,42.268],[21.618,42.242],[21.563,42.248]]]},"properties":{"NAME":"North Macedonia"}},
{"type":"Feature","geometry":{"type":"Polygon","coordinates":[[[6.117,50.121],[6.11,50.124],[6.089,50.155],[6.055,50.154],[5.976,50.167],[5.867,50.083],[5.817,50.013],[5.788,49.961],[5.744,49.92],[5.735,49.876],[5.741,49.857],[5.726,49.833],[5.725,49.808],[5.788,49.759],[5.804,49.732],[5.88,49.645],[5.857,49.613],[5.838,49.578],[5.815,49.554],[5.79,49.538],[5.823,49.505],[5.901,49.49],[5.929,49.478],[5.959,49.455],[6.011,49.445],[6.074,49.455],[6.12,49.485],[6.181,49.499],[6.242,49.494],[6.277,49.478],[6.344,49.453],[6.348,49.513],[6.378,49.6],[6.407,49.645],[6.445,49.682],[6.485,49.708],[6.494,49.754],[6.487,49.798],[6.441,49.805],[6.325,49.838],[6.256,49.872],[6.205,49.915],[6.138,49.974],[6.11,50.034],[6.108,50.094],[6.117,50.121]]]},"properties":{"NAME":"Luxembourg"}},
{"type":"Feature","geometry":{"type":"MultiPolygon","coordinates":[[[[22.766,54.357],[22.824,54.396],[22.894,54.391],[22.977,54.366],[23.016,54.348],[23.032,54.328],[23.042,54.304],[23.088,54.299],[23.17,54.281],[23.282,54.24],[23.37,54.2],[23.454,54.143],[23.481,54.079],[23.483,54.006],[23.478,53.959],[23.485,53.94],[23.559,53.92],[23.734,53.912],[23.873,53.936],[23.944,53.939],[24.008,53.932],[24.104,53.945],[24.191,53.95],[24.237,53.92],[24.318,53.893],[24.479,53.932],[24.621,53.98],[24.768,53.975],[24.789,53.998],[24.826,54.119],[24.87,54.145],[25,54.136],[25,56.27],[24.944,56.326],[24.903,56.398],[24.841,56.411],[24.773,56.396],[24.7,56.381],[24.529,56.296],[24.474,56.284],[24.368,56.283],[24.121,56.264],[24.008,56.295],[23.813,56.329],[23.707,56.335],[23.613,56.334],[23.196,56.367],[23.12,56.331],[23.043,56.324],[22.968,56.38],[22.876,56.396],[22.773,56.377],[22.587,56.375],[22.366,56.393],[22.085,56.407],[22.043,56.401],[21.731,56.326],[21.654,56.315],[21.315,56.188],[21.046,56.07],[21.054,56.023],[21.062,55.813],[21.171,55.618],[21.238,55.455],[21.201,55.344],[21.236,55.271],[21.236,55.264],[21.298,55.264],[21.389,55.276],[21.447,55.234],[21.555,55.195],[21.683,55.16],[21.874,55.101],[22.072,55.064],[22.138,55.059],[22.346,55.064],[22.567,55.059],[22.627,54.971],[22.737,54.929],[22.825,54.871],[22.831,54.838],[22.71,54.633],[22.684,54.563],[22.68,54.493],[22.724,54.406],[22.766,54.357]]],[[[20.958,55.279],[21.032,55.35],[21.104,55.488],[21.116,55.568],[21.115,55.617],[21.088,55.583],[21.058,55.477],[21.014,55.402],[20.9,55.287],[20.958,55.279]]]]},"properties":{"NAME":"Lithuania"}},
{"type":"Feature","geometry":{"type":"Polygon","coordinates":[[[9.58,47.057],[9.596,47.076],[9.611,47.107],[9.601,47.132],[9.572,47.158],[9.556,47.185],[9.551,47.212],[9.542,47.234],[9.537,47.255],[9.528,47.271],[9.484,47.173],[9.479,47.098],[9.488,47.062],[9.502,47.063],[9.58,47.057]]]},"properties":{"NAME":"Liechtenstein"}},
{"type":"Feature","geometry":{"type":"Polygon","coordinates":[[[25,56.27],[25,58.031],[24.911,58.005],[24.839,57.989],[24.776,57.985],[24.459,57.908],[24.363,57.866],[24.323,57.871],[24.302,57.784],[24.363,57.645],[24.403,57.325],[24.383,57.25],[24.281,57.172],[24.054,57.066],[23.931,57.008],[23.648,56.971],[23.287,57.09],[23.137,57.324],[23.038,57.392],[22.649,57.595],[22.617,57.651],[22.555,57.724],[22.231,57.667],[21.942,57.598],[21.729,57.571],[21.459,57.322],[21.421,57.236],[21.405,57.131],[21.351,57.018],[21.257,56.933],[21.071,56.824],[21.031,56.637],[21.015,56.259],[21.046,56.07],[21.315,56.188],[21.654,56.315],[21.731,56.326],[22.043,56.401],[22.085,56.407],[22.366,56.393],[22.587,56.375],[22.773,56.377],[22.876,56.396],[22.968,56.38],[23.043,56.324],[23.12,56.331],[23.196,56.367],[23.613,56.334],[23.707,56.335],[23.813,56.329],[24.008,56.295],[24.121,56.264],[24.368,56.283],[24.474,56.284],[24.529,56.296],[24.7,56.381],[24.773,56.396],[24.841,56.411],[24.903,56.398],[24.944,56.326],[25,56.27]]]},"properties":{"NAME":"Latvia"}},
{"type":"Feature","geometry":{"type":"Polygon","coordinates":[[[20.344,42.828],[20.215,42.799],[20.193,42.755],[20.13,42.76],[20.054,42.76],[20.029,42.732],[20.066,42.686],[20.089,42.632],[20.07,42.557],[20.064,42.547],[20.104,42.525],[20.186,42.426],[20.241,42.339],[20.348,42.309],[20.408,42.275],[20.485,42.223],[20.523,42.171],[20.575,42.013],[20.576,42],[20.749,42],[20.75,42.018],[20.778,42.071],[21.06,42.171],[21.142,42.175],[21.206,42.129],[21.256,42.1],[21.287,42.1],[21.298,42.13],[21.332,42.187],[21.39,42.22],[21.561,42.248],[21.563,42.248],[21.542,42.281],[21.519,42.328],[21.53,42.35],[21.61,42.387],[21.619,42.423],[21.731,42.595],[21.752,42.652],[21.753,42.67],[21.724,42.682],[21.663,42.681],[21.391,42.751],[21.403,42.832],[21.323,42.875],[21.237,42.913],[21.223,42.956],[21.127,43.043],[21.057,43.092],[20.968,43.116],[20.891,43.152],[20.844,43.173],[20.824,43.214],[20.824,43.238],[20.801,43.261],[20.763,43.259],[20.701,43.226],[20.623,43.199],[20.61,43.178],[20.638,43.13],[20.658,43.1],[20.649,43.071],[20.624,43.034],[20.475,42.953],[20.458,42.925],[20.487,42.879],[20.469,42.858],[20.344,42.828]]]},"properties":{"NAME":"Kosovo"}},
{"type":"Feature","geometry":{"type":"MultiPolygon","coordinates":[[[[7.021,45.926],[6.941,45.868],[6.804,45.815],[6.789,45.78],[6.791,45.741],[6.806,45.71],[6.881,45.67],[6.962,45.581],[7.014,45.5],[7.126,45.424],[7.153,45.401],[7.146,45.382],[7.117,45.349],[7.078,45.24],[7.032,45.223],[6.981,45.216],[6.842,45.136],[6.78,45.145],[6.692,45.144],[6.628,45.118],[6.635,45.068],[6.691,45.023],[6.725,44.973],[6.738,44.921],[6.801,44.883],[6.889,44.86],[6.94,44.859],[6.973,44.845],[6.993,44.827],[7.031,44.717],[7.008,44.689],[6.96,44.677],[6.932,44.632],[6.875,44.565],[6.843,44.511],[6.879,44.463],[6.894,44.428],[6.875,44.392],[6.9,44.336],[6.967,44.28],[7.149,44.202],[7.319,44.138],[7.371,44.127],[7.599,44.168],[7.637,44.165],[7.665,44.116],[7.677,44.083],[7.651,44.034],[7.59,43.965],[7.523,43.911],[7.482,43.865],[7.491,43.823],[7.493,43.767],[7.733,43.803],[8.005,43.877],[8.082,43.919],[8.292,44.137],[8.552,44.346],[8.766,44.422],[8.93,44.408],[9.196,44.323],[9.289,44.319],[9.731,44.101],[10.048,44.02],[10.188,43.948],[10.246,43.852],[10.321,43.513],[10.448,43.371],[10.521,43.204],[10.532,43.14],[10.517,43.065],[10.515,42.968],[10.59,42.954],[10.645,42.957],[10.708,42.936],[10.737,42.9],[10.765,42.845],[10.803,42.804],[10.938,42.739],[11.168,42.535],[11.185,42.457],[11.142,42.444],[11.103,42.417],[11.141,42.39],[11.189,42.393],[11.25,42.416],[11.296,42.423],[11.498,42.363],[11.637,42.288],[11.807,42.082],[11.963,42],[15,42],[14.866,42.053],[14.541,42.244],[14.183,42.506],[14.01,42.69],[13.925,42.852],[13.805,43.18],[13.693,43.39],[13.564,43.571],[13.508,43.612],[13.295,43.686],[12.907,43.921],[12.691,43.995],[12.487,44.134],[12.396,44.224],[12.305,44.429],[12.248,44.723],[12.279,44.832],[12.319,44.833],[12.384,44.798],[12.464,44.845],[12.498,44.899],[12.523,44.968],[12.392,45.04],[12.286,45.208],[12.226,45.242],[12.249,45.369],[12.274,45.446],[12.354,45.492],[12.492,45.546],[12.536,45.545],[12.432,45.468],[12.498,45.462],[12.612,45.497],[12.761,45.544],[12.903,45.611],[13.03,45.638],[13.12,45.698],[13.157,45.747],[13.206,45.771],[13.465,45.71],[13.558,45.771],[13.628,45.771],[13.783,45.627],[13.72,45.588],[13.776,45.582],[13.845,45.593],[13.875,45.615],[13.831,45.68],[13.722,45.761],[13.663,45.792],[13.583,45.812],[13.57,45.834],[13.614,45.962],[13.601,45.98],[13.509,45.974],[13.488,45.987],[13.48,46.009],[13.486,46.04],[13.548,46.089],[13.617,46.133],[13.635,46.158],[13.633,46.177],[13.545,46.197],[13.492,46.217],[13.45,46.224],[13.421,46.212],[13.4,46.225],[13.378,46.262],[13.4,46.318],[13.479,46.369],[13.563,46.415],[13.637,46.449],[13.68,46.463],[13.7,46.52],[13.49,46.556],[13.352,46.558],[13.169,46.573],[12.806,46.626],[12.7,46.647],[12.599,46.654],[12.479,46.673],[12.388,46.703],[12.33,46.76],[12.268,46.836],[12.154,46.935],[12.131,46.985],[12.166,47.028],[12.201,47.061],[12.197,47.075],[12.169,47.082],[11.97,47.04],[11.776,46.986],[11.699,46.985],[11.625,46.997],[11.528,46.997],[11.433,46.983],[11.244,46.976],[11.134,46.936],[11.063,46.859],[11.025,46.797],[10.993,46.777],[10.927,46.769],[10.829,46.775],[10.76,46.793],[10.689,46.846],[10.58,46.854],[10.479,46.855],[10.453,46.865],[10.406,46.735],[10.398,46.665],[10.438,46.619],[10.442,46.583],[10.431,46.55],[10.363,46.547],[10.272,46.565],[10.196,46.621],[10.138,46.614],[10.087,46.6],[10.061,46.547],[10.038,46.483],[10.046,46.448],[10.082,46.421],[10.11,46.363],[10.13,46.288],[10.145,46.254],[10.128,46.238],[10.081,46.228],[10.041,46.238],[9.972,46.328],[9.939,46.362],[9.884,46.368],[9.788,46.346],[9.639,46.296],[9.58,46.296],[9.529,46.306],[9.481,46.349],[9.441,46.431],[9.428,46.482],[9.399,46.481],[9.304,46.496],[9.26,46.475],[9.26,46.391],[9.251,46.287],[9.203,46.219],[9.071,46.102],[9.022,46.051],[9.003,46.015],[8.999,45.983],[9.019,45.928],[9.047,45.876],[9.024,45.846],[8.954,45.83],[8.904,45.862],[8.885,45.919],[8.778,45.996],[8.827,46.061],[8.819,46.077],[8.642,46.111],[8.565,46.16],[8.458,46.246],[8.438,46.283],[8.443,46.403],[8.437,46.432],[8.423,46.446],[8.371,46.445],[8.299,46.403],[8.232,46.341],[8.096,46.271],[8.082,46.256],[8.127,46.188],[8.125,46.161],[8.014,46.052],[7.993,46.016],[7.852,45.947],[7.788,45.922],[7.593,45.972],[7.539,45.978],[7.452,45.944],[7.328,45.912],[7.129,45.88],[7.056,45.904],[7.021,45.926]],[[12.485,43.901],[12.426,43.894],[12.397,43.935],[12.441,43.982],[12.504,43.99],[12.515,43.953],[12.485,43.901]]],[[[10.395,42.858],[10.359,42.822],[10.286,42.828],[10.248,42.816],[10.128,42.81],[10.11,42.785],[10.131,42.742],[10.209,42.737],[10.336,42.761],[10.419,42.713],[10.41,42.771],[10.432,42.797],[10.428,42.819],[10.395,42.858]]]]},"properties":{"NAME":"Italy"}},
{"type":"Feature","geometry":{"type":"Polygon","coordinates":[[[22.132,48.405],[22.111,48.393],[21.767,48.338],[21.721,48.347],[21.675,48.378],[21.649,48.401],[21.633,48.419],[21.603,48.464],[21.563,48.496],[21.505,48.522],[21.451,48.552],[21.382,48.553],[21.196,48.511],[21.067,48.506],[20.981,48.52],[20.867,48.546],[20.643,48.55],[20.49,48.527],[20.475,48.495],[20.334,48.296],[20.129,48.222],[19.95,48.147],[19.899,48.131],[19.81,48.155],[19.709,48.2],[19.625,48.223],[19.564,48.213],[19.497,48.162],[19.467,48.111],[19.265,48.073],[18.914,48.051],[18.792,48],[18.75,47.939],[18.748,47.893],[18.778,47.853],[18.741,47.806],[18.724,47.787],[18.476,47.777],[18.146,47.763],[17.948,47.767],[17.762,47.77],[17.635,47.81],[17.481,47.888],[17.317,47.991],[17.302,47.993],[17.277,48.004],[17.175,48.012],[17.147,48.006],[17.089,47.964],[17.078,47.901],[17.04,47.873],[17.03,47.837],[17.046,47.805],[17.046,47.764],[17.067,47.708],[16.973,47.695],[16.863,47.697],[16.823,47.694],[16.786,47.679],[16.748,47.686],[16.647,47.739],[16.591,47.751],[16.551,47.747],[16.521,47.724],[16.47,47.695],[16.421,47.674],[16.432,47.656],[16.64,47.609],[16.677,47.536],[16.637,47.477],[16.623,47.448],[16.574,47.425],[16.515,47.405],[16.443,47.4],[16.434,47.367],[16.463,47.273],[16.44,47.253],[16.417,47.223],[16.438,47.146],[16.483,47.14],[16.493,47.123],[16.485,47.091],[16.477,47.058],[16.461,47.022],[16.453,47.007],[16.424,46.997],[16.332,47.002],[16.253,46.972],[16.093,46.863],[16.284,46.857],[16.308,46.828],[16.318,46.783],[16.335,46.722],[16.367,46.705],[16.385,46.681],[16.381,46.639],[16.418,46.607],[16.506,46.522],[16.516,46.5],[16.57,46.485],[16.748,46.416],[16.871,46.339],[16.94,46.254],[17.033,46.187],[17.15,46.14],[17.242,46.077],[17.311,45.996],[17.406,45.951],[17.529,45.941],[17.607,45.914],[17.64,45.868],[17.706,45.827],[17.807,45.79],[17.964,45.77],[18.264,45.765],[18.291,45.764],[18.358,45.753],[18.437,45.767],[18.534,45.796],[18.565,45.813],[18.666,45.907],[18.722,45.899],[18.833,45.911],[18.9,45.932],[18.905,45.932],[18.928,45.931],[19.016,45.96],[19.048,45.983],[19.066,46.01],[19.087,46.016],[19.146,45.987],[19.208,45.984],[19.278,46.003],[19.33,46.029],[19.393,46.05],[19.421,46.064],[19.458,46.087],[19.531,46.155],[19.613,46.169],[19.725,46.152],[19.844,46.146],[19.934,46.161],[20.161,46.142],[20.21,46.126],[20.242,46.109],[20.281,46.133],[20.508,46.167],[20.614,46.133],[20.661,46.146],[20.707,46.173],[20.733,46.194],[20.737,46.217],[20.76,46.246],[20.837,46.26],[21.04,46.242],[21.122,46.282],[21.152,46.304],[21.17,46.353],[21.192,46.392],[21.265,46.412],[21.263,46.448],[21.252,46.486],[21.295,46.572],[21.32,46.608],[21.361,46.621],[21.411,46.648],[21.497,46.704],[21.477,46.753],[21.494,46.79],[21.584,46.878],[21.653,46.964],[21.651,47.007],[21.661,47.044],[21.722,47.085],[21.785,47.138],[21.869,47.305],[21.899,47.333],[21.954,47.364],[21.995,47.396],[22,47.505],[22.038,47.537],[22.112,47.572],[22.185,47.629],[22.245,47.696],[22.291,47.728],[22.351,47.736],[22.417,47.763],[22.491,47.773],[22.563,47.76],[22.608,47.766],[22.677,47.799],[22.852,47.923],[22.877,47.947],[22.856,47.96],[22.846,47.997],[22.857,48.03],[22.836,48.06],[22.782,48.095],[22.769,48.11],[22.702,48.107],[22.683,48.104],[22.676,48.104],[22.582,48.134],[22.52,48.205],[22.424,48.243],[22.35,48.256],[22.317,48.287],[22.295,48.327],[22.272,48.358],[22.269,48.361],[22.254,48.407],[22.231,48.412],[22.227,48.413],[22.132,48.405]]]},"properties":{"NAME":"Hungary"}},
{"type":"Feature","geometry":{"type":"MultiPolygon","coordinates":[[[[9.524,47.524],[9.549,47.534],[9.651,47.526],[9.715,47.551],[9.749,47.576],[9.839,47.552],[9.972,47.505],[10.034,47.474],[10.06,47.449],[10.074,47.429],[10.066,47.393],[10.096,47.38],[10.159,47.374],[10.2,47.363],[10.186,47.317],[10.183,47.279],[10.241,47.284],[10.313,47.313],[10.369,47.366],[10.404,47.417],[10.43,47.541],[10.439,47.552],[10.483,47.542],[10.659,47.547],[10.742,47.524],[10.873,47.52],[10.871,47.501],[10.894,47.47],[10.952,47.427],[10.981,47.398],[11.042,47.393],[11.136,47.409],[11.191,47.425],[11.212,47.414],[11.298,47.425],[11.374,47.46],[11.393,47.487],[11.47,47.506],[11.574,47.55],[11.717,47.583],[12.186,47.62],[12.204,47.647],[12.197,47.709],[12.209,47.718],[12.268,47.703],[12.363,47.688],[12.436,47.666],[12.483,47.637],[12.527,47.636],[12.594,47.656],[12.686,47.669],[12.771,47.639],[12.796,47.607],[12.781,47.59],[12.783,47.564],[12.809,47.542],[12.879,47.506],[12.968,47.476],[13.014,47.478],[13.032,47.508],[13.048,47.579],[13.054,47.655],[13.034,47.699],[12.986,47.709],[12.928,47.713],[12.898,47.722],[12.908,47.746],[12.954,47.808],[12.954,47.891],[12.85,47.985],[12.76,48.076],[12.76,48.107],[12.814,48.161],[12.897,48.204],[13.082,48.275],[13.14,48.29],[13.215,48.302],[13.323,48.331],[13.375,48.361],[13.409,48.394],[13.46,48.565],[13.472,48.572],[13.487,48.582],[13.675,48.523],[13.692,48.533],[13.724,48.542],[13.785,48.587],[13.799,48.622],[13.797,48.686],[13.803,48.748],[13.815,48.767],[13.77,48.816],[13.685,48.877],[13.548,48.96],[13.441,48.956],[13.401,48.978],[13.384,49.008],[13.339,49.061],[13.289,49.097],[13.228,49.112],[13.141,49.158],[13.024,49.26],[12.917,49.33],[12.813,49.329],[12.748,49.366],[12.681,49.415],[12.632,49.461],[12.556,49.575],[12.5,49.64],[12.457,49.68],[12.408,49.713],[12.391,49.74],[12.45,49.8],[12.472,49.83],[12.498,49.853],[12.513,49.877],[12.512,49.896],[12.458,49.956],[12.384,49.999],[12.276,50.042],[12.208,50.098],[12.183,50.148],[12.175,50.176],[12.128,50.213],[12.09,50.269],[12.09,50.302],[12.099,50.311],[12.135,50.311],[12.175,50.288],[12.231,50.245],[12.277,50.181],[12.306,50.206],[12.359,50.273],[12.453,50.35],[12.549,50.393],[12.636,50.397],[12.706,50.409],[12.765,50.431],[12.868,50.422],[12.943,50.406],[12.967,50.416],[12.997,50.456],[13.016,50.49],[13.181,50.51],[13.238,50.577],[13.27,50.576],[13.306,50.586],[13.341,50.611],[13.375,50.622],[13.401,50.609],[13.436,50.601],[13.473,50.617],[13.527,50.693],[13.557,50.705],[13.701,50.717],[13.899,50.761],[13.998,50.801],[14.096,50.823],[14.202,50.861],[14.369,50.899],[14.377,50.914],[14.299,50.953],[14.273,50.977],[14.256,51.002],[14.283,51.029],[14.32,51.038],[14.367,51.026],[14.507,51.01],[14.546,50.994],[14.56,50.955],[14.595,50.919],[14.624,50.915],[14.614,50.856],[14.658,50.833],[14.723,50.815],[14.767,50.818],[14.797,50.842],[14.809,50.859],[14.814,50.872],[14.917,51.009],[14.964,51.095],[15.017,51.253],[14.953,51.377],[14.936,51.435],[14.906,51.463],[14.725,51.524],[14.711,51.545],[14.739,51.627],[14.725,51.662],[14.681,51.698],[14.624,51.771],[14.602,51.832],[14.675,51.905],[14.693,51.958],[14.725,52.031],[14.748,52.071],[14.753,52.082],[14.705,52.11],[14.692,52.15],[14.705,52.207],[14.68,52.25],[14.616,52.278],[14.574,52.314],[14.555,52.36],[14.57,52.431],[14.619,52.529],[14.514,52.646],[14.254,52.783],[14.129,52.878],[14.139,52.933],[14.194,52.982],[14.293,53.027],[14.369,53.106],[14.411,53.199],[14.412,53.217],[14.415,53.283],[14.299,53.556],[14.28,53.625],[14.266,53.707],[14.259,53.73],[14.25,53.732],[14.025,53.767],[13.95,53.801],[13.866,53.853],[13.822,54.019],[13.724,54.153],[13.448,54.141],[13.147,54.283],[13.029,54.411],[12.898,54.423],[12.779,54.446],[12.575,54.467],[12.379,54.347],[12.296,54.284],[12.169,54.226],[12.111,54.168],[11.796,54.145],[11.701,54.114],[11.461,53.965],[11.4,53.945],[11.104,54.009],[10.918,53.995],[10.855,54.01],[10.811,54.075],[11.009,54.181],[11.064,54.281],[11.013,54.379],[10.956,54.376],[10.732,54.316],[10.36,54.438],[10.212,54.409],[10.171,54.45],[10.143,54.488],[9.869,54.472],[9.941,54.515],[10.029,54.581],[10.022,54.674],[9.954,54.738],[9.892,54.781],[9.746,54.807],[9.74,54.826],[9.725,54.826],[9.661,54.834],[9.616,54.855],[9.499,54.84],[9.342,54.806],[9.255,54.808],[9.186,54.845],[8.903,54.897],[8.857,54.901],[8.671,54.903],[8.67,54.903],[8.682,54.792],[8.79,54.696],[8.881,54.594],[8.957,54.538],[8.952,54.468],[8.831,54.428],[8.648,54.398],[8.626,54.354],[8.645,54.295],[8.736,54.295],[8.78,54.313],[8.852,54.3],[8.907,54.261],[8.904,54],[8.92,53.965],[8.978,53.926],[9.07,53.901],[9.216,53.891],[9.312,53.859],[9.631,53.6],[9.784,53.555],[9.673,53.566],[9.585,53.6],[9.322,53.813],[9.206,53.856],[8.898,53.836],[8.619,53.875],[8.576,53.838],[8.528,53.781],[8.506,53.671],[8.538,53.557],[8.495,53.394],[8.493,53.514],[8.451,53.552],[8.334,53.606],[8.302,53.584],[8.279,53.511],[8.245,53.445],[8.201,53.432],[8.108,53.468],[8.167,53.543],[8.009,53.691],[7.629,53.697],[7.285,53.681],[7.206,53.655],[7.107,53.557],[7.074,53.478],[7.053,53.376],[7.152,53.327],[7.197,53.282],[7.189,53.187],[7.19,53],[7.179,52.966],[7.117,52.887],[7.051,52.745],[7.033,52.651],[7.013,52.634],[6.748,52.634],[6.711,52.618],[6.705,52.598],[6.719,52.574],[6.712,52.55],[6.692,52.53],[6.703,52.499],[6.749,52.464],[6.833,52.442],[6.922,52.44],[6.968,52.444],[7.002,52.419],[7.035,52.38],[7.033,52.331],[7.02,52.266],[6.977,52.206],[6.855,52.136],[6.8,52.111],[6.749,52.099],[6.725,52.08],[6.713,52.057],[6.716,52.036],[6.802,51.98],[6.8,51.967],[6.775,51.938],[6.742,51.911],[6.518,51.854],[6.425,51.858],[6.372,51.83],[6.356,51.825],[6.297,51.851],[6.167,51.881],[6.117,51.87],[6.09,51.854],[6.008,51.834],[5.949,51.803],[5.949,51.762],[6.053,51.658],[6.089,51.638],[6.091,51.599],[6.142,51.55],[6.193,51.489],[6.199,51.45],[6.193,51.411],[6.166,51.355],[6.076,51.224],[6.075,51.199],[6.082,51.18],[6.113,51.175],[6.137,51.165],[6.13,51.147],[5.961,51.057],[5.939,51.041],[5.868,51.045],[5.858,51.03],[5.867,51.006],[5.895,50.984],[5.955,50.973],[6.007,50.95],[6.048,50.905],[5.994,50.75],[6.006,50.732],[6.119,50.679],[6.154,50.637],[6.236,50.597],[6.168,50.545],[6.179,50.523],[6.203,50.499],[6.295,50.485],[6.341,50.452],[6.344,50.4],[6.364,50.316],[6.175,50.233],[6.121,50.139],[6.117,50.121],[6.108,50.094],[6.11,50.034],[6.138,49.974],[6.205,49.915],[6.256,49.872],[6.325,49.838],[6.441,49.805],[6.487,49.798],[6.494,49.754],[6.485,49.708],[6.445,49.682],[6.407,49.645],[6.378,49.6],[6.348,49.513],[6.344,49.453],[6.382,49.458],[6.458,49.443],[6.534,49.395],[6.566,49.346],[6.575,49.32],[6.608,49.291],[6.735,49.161],[6.776,49.154],[6.821,49.174],[6.85,49.202],[6.891,49.208],[6.958,49.195],[7.001,49.18],[7.022,49.123],[7.037,49.113],[7.066,49.125],[7.117,49.128],[7.2,49.114],[7.313,49.13],[7.404,49.153],[7.451,49.152],[7.525,49.086],[7.611,49.062],[7.799,49.042],[8.001,49.011],[8.081,48.986],[8.135,48.974],[8.14,48.886],[8.124,48.873],[7.923,48.699],[7.838,48.636],[7.795,48.547],[7.765,48.41],[7.706,48.28],[7.617,48.157],[7.584,48.064],[7.608,48.003],[7.593,47.906],[7.539,47.774],[7.529,47.674],[7.565,47.607],[7.616,47.593],[7.698,47.57],[7.927,47.564],[8.094,47.576],[8.198,47.607],[8.328,47.607],[8.415,47.59],[8.43,47.592],[8.454,47.596],[8.478,47.613],[8.559,47.624],[8.571,47.638],[8.567,47.652],[8.552,47.659],[8.452,47.652],[8.413,47.663],[8.403,47.688],[8.436,47.731],[8.51,47.767],[8.573,47.776],[8.618,47.766],[8.728,47.7],[8.755,47.698],[8.77,47.71],[8.793,47.717],[8.831,47.704],[8.874,47.663],[8.881,47.656],[9.128,47.671],[9.183,47.671],[9.35,47.599],[9.524,47.524]]],[[[14.211,53.95],[14.039,54.035],[13.828,54.127],[13.82,54.093],[13.827,54.06],[13.872,54.036],[13.922,53.997],[13.902,53.939],[13.926,53.879],[14.048,53.863],[14.172,53.874],[14.214,53.871],[14.198,53.919],[14.211,53.95]]],[[[13.709,54.383],[13.602,54.425],[13.58,54.464],[13.603,54.488],[13.671,54.535],[13.658,54.56],[13.636,54.577],[13.491,54.615],[13.45,54.65],[13.423,54.699],[13.337,54.697],[13.24,54.638],[13.231,54.583],[13.177,54.544],[13.181,54.509],[13.156,54.397],[13.162,54.365],[13.19,54.326],[13.364,54.246],[13.415,54.25],[13.482,54.337],[13.595,54.338],[13.707,54.281],[13.734,54.315],[13.709,54.383]]],[[[11.283,54.418],[11.28,54.438],[11.234,54.501],[11.085,54.533],[11.043,54.515],[11.012,54.466],[11.071,54.456],[11.129,54.416],[11.283,54.418]]],[[[8.308,54.787],[8.347,54.848],[8.601,54.865],[8.63,54.892],[8.38,54.9],[8.371,54.929],[8.39,54.986],[8.404,55.015],[8.451,55.055],[8.405,55.059],[8.296,54.908],[8.285,54.767],[8.308,54.787]]],[[[8.588,54.713],[8.573,54.749],[8.51,54.76],[8.468,54.757],[8.418,54.739],[8.4,54.714],[8.454,54.691],[8.549,54.688],[8.588,54.713]]]]},"properties":{"NAME":"Germany"}},
{"type":"Feature","geometry":{"type":"MultiPolygon","coordinates":[[[[7.616,47.593],[7.565,47.607],[7.529,47.674],[7.539,47.774],[7.593,47.906],[7.608,48.003],[7.584,48.064],[7.617,48.157],[7.706,48.28],[7.765,48.41],[7.795,48.547],[7.838,48.636],[7.923,48.699],[8.124,48.873],[8.14,48.886],[8.135,48.974],[8.081,48.986],[8.001,49.011],[7.799,49.042],[7.611,49.062],[7.525,49.086],[7.451,49.152],[7.404,49.153],[7.313,49.13],[7.2,49.114],[7.117,49.128],[7.066,49.125],[7.037,49.113],[7.022,49.123],[7.001,49.18],[6.958,49.195],[6.891,49.208],[6.85,49.202],[6.821,49.174],[6.776,49.154],[6.735,49.161],[6.608,49.291],[6.575,49.32],[6.566,49.346],[6.534,49.395],[6.458,49.443],[6.382,49.458],[6.344,49.453],[6.277,49.478],[6.242,49.494],[6.181,49.499],[6.12,49.485],[6.074,49.455],[6.011,49.445],[5.959,49.455],[5.929,49.478],[5.901,49.49],[5.823,49.505],[5.79,49.538],[5.71,49.539],[5.61,49.528],[5.542,49.511],[5.507,49.511],[5.435,49.554],[5.354,49.62],[5.302,49.651],[5.279,49.678],[5.215,49.689],[5.124,49.721],[5.061,49.757],[5.007,49.778],[4.931,49.789],[4.868,49.788],[4.849,49.847],[4.842,49.915],[4.79,49.96],[4.861,50.136],[4.819,50.153],[4.773,50.139],[4.707,50.097],[4.675,50.047],[4.656,50.002],[4.545,49.96],[4.369,49.945],[4.176,49.96],[4.149,49.972],[4.137,49.984],[4.137,50],[4.15,50.024],[4.184,50.053],[4.192,50.094],[4.158,50.13],[4.135,50.144],[4.144,50.178],[4.17,50.222],[4.175,50.246],[4.044,50.321],[3.95,50.336],[3.858,50.339],[3.789,50.347],[3.748,50.344],[3.719,50.322],[3.689,50.306],[3.667,50.325],[3.627,50.457],[3.595,50.477],[3.477,50.499],[3.316,50.507],[3.273,50.532],[3.25,50.591],[3.235,50.663],[3.182,50.732],[3.155,50.749],[3.107,50.779],[3.023,50.767],[2.922,50.727],[2.862,50.716],[2.84,50.712],[2.759,50.751],[2.669,50.811],[2.597,50.876],[2.579,50.912],[2.601,50.955],[2.575,50.989],[2.536,51.05],[2.525,51.097],[2.446,51.067],[1.913,50.991],[1.768,50.936],[1.672,50.885],[1.61,50.819],[1.579,50.739],[1.552,50.294],[1.593,50.252],[1.548,50.231],[1.514,50.205],[1.407,50.089],[1.246,49.998],[0.924,49.91],[0.616,49.863],[0.187,49.703],[0.127,49.602],[0.109,49.558],[0.129,49.508],[0.278,49.463],[0.439,49.473],[0.417,49.448],[0.136,49.402],[-0.011,49.33],[-0.163,49.297],[-0.521,49.355],[-0.766,49.36],[-0.959,49.393],[-1.139,49.388],[-1.195,49.445],[-1.232,49.495],[-1.265,49.598],[-1.259,49.68],[-1.366,49.707],[-1.588,49.668],[-1.705,49.681],[-1.856,49.684],[-1.875,49.631],[-1.87,49.595],[-1.813,49.49],[-1.69,49.313],[-1.583,49.202],[-1.565,48.806],[-1.48,48.698],[-1.376,48.653],[-1.438,48.641],[-1.825,48.631],[-1.852,48.669],[-1.906,48.697],[-1.973,48.635],[-2.004,48.582],[-2.079,48.645],[-2.446,48.648],[-2.692,48.537],[-2.793,48.601],[-3.003,48.791],[-3.231,48.841],[-3.471,48.813],[-3.546,48.766],[-3.715,48.71],[-3.856,48.695],[-4.059,48.708],[-4.531,48.62],[-4.721,48.54],[-4.762,48.45],[-4.749,48.41],[-4.719,48.363],[-4.585,48.358],[-4.525,48.372],[-4.393,48.368],[-4.364,48.357],[-4.302,48.347],[-4.241,48.304],[-4.403,48.293],[-4.498,48.299],[-4.531,48.31],[-4.577,48.29],[-4.544,48.247],[-4.512,48.23],[-4.435,48.218],[-4.329,48.17],[-4.378,48.129],[-4.512,48.097],[-4.629,48.086],[-4.679,48.04],[-4.428,47.969],[-4.375,47.877],[-4.312,47.823],[-4.226,47.81],[-4.071,47.848],[-3.901,47.838],[-3.508,47.753],[-3.444,47.711],[-3.396,47.72],[-3.329,47.713],[-3.265,47.685],[-3.222,47.694],[-3.159,47.695],[-3.064,47.621],[-2.964,47.601],[-2.859,47.614],[-2.787,47.626],[-2.733,47.602],[-2.797,47.537],[-2.77,47.514],[-2.666,47.526],[-2.554,47.527],[-2.483,47.512],[-2.428,47.471],[-2.476,47.413],[-2.53,47.382],[-2.503,47.312],[-2.434,47.291],[-2.353,47.279],[-1.975,47.311],[-1.743,47.216],[-1.821,47.225],[-1.922,47.261],[-2.028,47.274],[-2.108,47.263],[-2.149,47.224],[-2.197,47.163],[-2.144,47.126],[-2.082,47.112],[-2.019,47.038],[-2.09,46.921],[-2.092,46.865],[-2.059,46.81],[-1.921,46.685],[-1.787,46.515],[-1.392,46.35],[-1.313,46.327],[-1.239,46.325],[-1.146,46.311],[-1.132,46.253],[-1.136,46.205],[-1.104,45.925],[-1.066,45.806],[-1.042,45.773],[-1.032,45.741],[-1.114,45.769],[-1.21,45.771],[-1.196,45.714],[-1.17,45.686],[-0.881,45.538],[-0.791,45.468],[-0.733,45.385],[-0.641,45.09],[-0.582,45.051],[-0.548,45.001],[-0.634,45.047],[-0.691,45.093],[-0.767,45.314],[-0.826,45.381],[-0.942,45.457],[-1.081,45.532],[-1.149,45.343],[-1.189,45.161],[-1.245,44.667],[-1.22,44.687],[-1.2,44.726],[-1.153,44.764],[-1.077,44.69],[-1.171,44.662],[-1.246,44.56],[-1.346,44.02],[-1.485,43.564],[-1.631,43.438],[-1.794,43.407],[-1.793,43.373],[-1.753,43.325],[-1.713,43.307],[-1.627,43.282],[-1.561,43.279],[-1.472,43.268],[-1.411,43.24],[-1.407,43.197],[-1.423,43.149],[-1.459,43.105],[-1.48,43.071],[-1.461,43.052],[-1.429,43.037],[-1.394,43.033],[-1.371,43.038],[-1.353,43.064],[-1.319,43.097],[-1.3,43.101],[-1.302,43.082],[-1.285,43.06],[-1.175,43.021],[-0.934,42.95],[-0.839,42.948],[-0.763,42.94],[-0.74,42.91],[-0.586,42.799],[-0.55,42.802],[-0.481,42.799],[-0.398,42.808],[-0.339,42.829],[-0.299,42.825],[-0.256,42.804],[-0.205,42.785],[-0.14,42.749],[-0.081,42.704],[-0.041,42.689],[0.201,42.719],[0.255,42.693],[0.313,42.693],[0.377,42.7],[0.518,42.686],[0.632,42.69],[0.642,42.701],[0.652,42.8],[0.67,42.836],[0.697,42.845],[0.764,42.838],[1.01,42.779],[1.111,42.742],[1.208,42.713],[1.293,42.71],[1.349,42.691],[1.428,42.596],[1.459,42.622],[1.501,42.643],[1.568,42.635],[1.71,42.604],[1.739,42.576],[1.74,42.557],[1.714,42.526],[1.706,42.503],[1.86,42.457],[1.928,42.426],[1.951,42.393],[1.987,42.358],[2.033,42.354],[2.098,42.386],[2.2,42.421],[2.374,42.39],[2.568,42.346],[2.652,42.34],[2.655,42.362],[2.67,42.393],[2.702,42.408],[2.749,42.413],[2.816,42.429],[2.891,42.456],[2.97,42.467],[3.053,42.447],[3.152,42.431],[3.211,42.431],[3.198,42.461],[3.091,42.591],[3.043,42.838],[3.052,42.915],[3.163,43.081],[3.259,43.193],[3.785,43.462],[3.862,43.516],[3.911,43.563],[4.053,43.593],[4.075,43.582],[4.113,43.563],[4.163,43.504],[4.224,43.48],[4.376,43.456],[4.41,43.447],[4.629,43.387],[4.712,43.373],[4.789,43.379],[4.787,43.401],[4.808,43.405],[4.844,43.394],[4.874,43.412],[4.912,43.427],[4.976,43.427],[5.06,43.445],[5.061,43.406],[5.073,43.367],[5.12,43.349],[5.2,43.352],[5.32,43.345],[5.407,43.229],[5.672,43.178],[5.809,43.098],[6.031,43.101],[6.116,43.072],[6.305,43.139],[6.494,43.169],[6.57,43.199],[6.657,43.262],[6.687,43.335],[6.717,43.374],[6.865,43.438],[7.181,43.659],[7.262,43.696],[7.378,43.732],[7.38,43.753],[7.395,43.765],[7.414,43.771],[7.437,43.761],[7.439,43.75],[7.493,43.767],[7.491,43.823],[7.482,43.865],[7.523,43.911],[7.59,43.965],[7.651,44.034],[7.677,44.083],[7.665,44.116],[7.637,44.165],[7.599,44.168],[7.371,44.127],[7.319,44.138],[7.149,44.202],[6.967,44.28],[6.9,44.336],[6.875,44.392],[6.894,44.428],[6.879,44.463],[6.843,44.511],[6.875,44.565],[6.932,44.632],[6.96,44.677],[7.008,44.689],[7.031,44.717],[6.993,44.827],[6.973,44.845],[6.94,44.859],[6.889,44.86],[6.801,44.883],[6.738,44.921],[6.725,44.973],[6.691,45.023],[6.635,45.068],[6.628,45.118],[6.692,45.144],[6.78,45.145],[6.842,45.136],[6.981,45.216],[7.032,45.223],[7.078,45.24],[7.117,45.349],[7.146,45.382],[7.153,45.401],[7.126,45.424],[7.014,45.5],[6.962,45.581],[6.881,45.67],[6.806,45.71],[6.791,45.741],[6.789,45.78],[6.804,45.815],[6.941,45.868],[7.021,45.926],[7.004,45.959],[6.954,46.017],[6.897,46.052],[6.858,46.089],[6.806,46.131],[6.772,46.165],[6.817,46.275],[6.784,46.314],[6.767,46.369],[6.776,46.407],[6.758,46.416],[6.578,46.437],[6.429,46.431],[6.322,46.394],[6.235,46.333],[6.224,46.319],[6.23,46.308],[6.273,46.252],[6.199,46.193],[6.087,46.147],[6.007,46.142],[5.971,46.151],[5.97,46.215],[6.036,46.238],[6.096,46.279],[6.116,46.338],[6.123,46.379],[6.06,46.428],[6.068,46.459],[6.107,46.516],[6.13,46.567],[6.161,46.611],[6.285,46.683],[6.41,46.755],[6.429,46.832],[6.439,46.926],[6.456,46.948],[6.625,47.004],[6.667,47.027],[6.688,47.058],[6.821,47.163],[6.952,47.267],[6.979,47.302],[7.001,47.323],[7.001,47.339],[6.984,47.353],[6.921,47.361],[6.9,47.394],[6.968,47.453],[7.053,47.489],[7.136,47.49],[7.169,47.473],[7.167,47.454],[7.203,47.433],[7.266,47.426],[7.343,47.433],[7.42,47.455],[7.467,47.508],[7.495,47.547],[7.616,47.593]]],[[[9.48,42.805],[9.479,42.86],[9.461,42.945],[9.463,42.981],[9.415,43.021],[9.363,43.017],[9.331,42.944],[9.323,42.814],[9.338,42.767],[9.313,42.713],[9.288,42.695],[9.254,42.712],[9.198,42.729],[9.138,42.733],[9.088,42.705],[9.044,42.662],[8.995,42.645],[8.815,42.608],[8.713,42.55],[8.64,42.427],[8.588,42.385],[8.566,42.358],[8.592,42.345],[8.626,42.343],[8.675,42.284],[8.608,42.258],[8.566,42.219],[8.588,42.161],[8.642,42.118],[8.701,42.096],[8.703,42.043],[8.658,42],[9.45,42],[9.551,42.13],[9.556,42.161],[9.526,42.553],[9.509,42.586],[9.473,42.616],[9.454,42.659],[9.48,42.805]]],[[[-1.178,45.904],[-1.285,46.003],[-1.389,46.05],[-1.389,46.033],[-1.369,45.968],[-1.28,45.897],[-1.214,45.817],[-1.178,45.904]]]]},"properties":{"NAME":"France"}},
{"type":"Feature","geometry":{"type":"MultiPolygon","coordinates":[[[[25,58.031],[25,59],[23.514,59],[23.515,58.999],[23.49,58.96],[23.432,58.921],[23.497,58.82],[23.504,58.79],[23.534,58.782],[23.681,58.787],[23.647,58.754],[23.531,58.716],[23.509,58.659],[23.563,58.576],[23.692,58.506],[23.706,58.433],[23.768,58.361],[24.011,58.307],[24.115,58.266],[24.236,58.29],[24.287,58.328],[24.337,58.381],[24.392,58.386],[24.529,58.354],[24.55,58.305],[24.536,58.283],[24.488,58.262],[24.464,58.106],[24.332,57.91],[24.323,57.871],[24.363,57.866],[24.459,57.908],[24.776,57.985],[24.839,57.989],[24.911,58.005],[25,58.031]]],[[[22.617,58.621],[22.547,58.627],[22.474,58.605],[22.328,58.581],[22.267,58.508],[22.206,58.521],[22.169,58.516],[22.081,58.478],[22.002,58.51],[21.924,58.514],[21.862,58.497],[21.984,58.387],[21.965,58.349],[21.924,58.316],[21.891,58.305],[21.854,58.302],[21.882,58.262],[22.035,58.213],[22.104,58.172],[22.188,58.154],[22.153,58.115],[21.986,57.995],[21.978,57.963],[21.997,57.931],[22.076,57.936],[22.152,57.967],[22.227,58.052],[22.269,58.161],[22.372,58.217],[22.498,58.236],[22.73,58.231],[22.757,58.261],[22.885,58.311],[22.98,58.364],[23.035,58.372],[23.083,58.398],[23.127,58.436],[23.323,58.451],[23.293,58.483],[22.964,58.606],[22.82,58.622],[22.754,58.605],[22.688,58.597],[22.617,58.621]]],[[[22.924,58.827],[23.009,58.834],[22.982,58.92],[22.91,58.991],[22.842,59],[22.483,59],[22.463,58.974],[22.056,58.944],[22.162,58.898],[22.307,58.895],[22.411,58.863],[22.479,58.754],[22.473,58.712],[22.542,58.69],[22.661,58.709],[22.767,58.821],[22.793,58.797],[22.842,58.777],[22.924,58.827]]],[[[23.344,58.55],[23.356,58.576],[23.333,58.649],[23.165,58.678],[23.109,58.659],[23.063,58.611],[23.26,58.54],[23.344,58.55]]]]},"properties":{"NAME":"Estonia"}},
{"type":"Feature","geometry":{"type":"MultiPolygon","coordinates":[[[[9.74,54.826],[9.705,54.928],[9.732,54.968],[9.688,55],[9.645,55.023],[9.572,55.041],[9.454,55.04],[9.505,55.116],[9.643,55.205],[9.671,55.266],[9.64,55.344],[9.626,55.414],[9.591,55.493],[9.661,55.557],[9.773,55.608],[9.81,55.651],[9.899,55.708],[9.999,55.736],[10.024,55.761],[9.962,55.813],[9.904,55.843],[10.017,55.876],[10.107,55.874],[10.159,55.854],[10.183,55.865],[10.227,56.005],[10.319,56.213],[10.374,56.252],[10.427,56.276],[10.539,56.2],[10.621,56.202],[10.753,56.242],[10.856,56.296],[10.894,56.359],[10.926,56.443],[10.883,56.493],[10.846,56.522],[10.49,56.521],[10.384,56.555],[10.283,56.621],[10.297,56.781],[10.287,56.823],[10.296,56.999],[10.338,57.021],[10.437,57.172],[10.524,57.243],[10.518,57.379],[10.537,57.449],[10.445,57.562],[10.46,57.615],[10.481,57.649],[10.61,57.737],[10.533,57.735],[10.259,57.617],[9.962,57.581],[9.815,57.478],[9.554,57.232],[9.434,57.174],[9.299,57.147],[9.036,57.155],[8.952,57.151],[8.812,57.11],[8.619,57.111],[8.427,56.984],[8.284,56.852],[8.266,56.815],[8.268,56.754],[8.347,56.712],[8.468,56.665],[8.603,56.71],[8.772,56.725],[8.876,56.887],[8.993,57.016],[9.11,57.044],[9.255,57.012],[9.21,56.808],[9.196,56.702],[9.14,56.75],[9.067,56.794],[8.995,56.775],[8.888,56.735],[8.736,56.627],[8.718,56.544],[8.672,56.496],[8.608,56.515],[8.553,56.56],[8.473,56.565],[8.281,56.617],[8.232,56.618],[8.164,56.607],[8.13,56.321],[8.121,56.14],[8.202,55.982],[8.181,55.901],[8.132,55.6],[8.345,55.51],[8.616,55.418],[8.651,55.329],[8.67,55.156],[8.573,55.134],[8.638,55.046],[8.661,54.986],[8.67,54.903],[8.671,54.903],[8.857,54.901],[8.903,54.897],[9.186,54.845],[9.255,54.808],[9.342,54.806],[9.499,54.84],[9.616,54.855],[9.661,54.834],[9.725,54.826],[9.74,54.826]]],[[[12.569,55.785],[12.525,55.918],[12.543,55.959],[12.608,56.033],[12.579,56.064],[12.526,56.083],[12.428,56.106],[12.323,56.122],[12.219,56.119],[12.04,56.052],[11.866,55.968],[11.913,55.937],[11.935,55.896],[11.922,55.828],[11.885,55.808],[11.858,55.772],[11.82,55.698],[11.784,55.702],[11.691,55.729],[11.682,55.829],[11.696,55.908],[11.628,55.957],[11.475,55.943],[11.46,55.907],[11.464,55.879],[11.322,55.753],[11.275,55.736],[11.224,55.731],[11.05,55.74],[10.979,55.722],[11.009,55.644],[11.07,55.629],[11.121,55.601],[11.12,55.566],[11.128,55.535],[11.19,55.466],[11.171,55.329],[11.286,55.204],[11.31,55.198],[11.407,55.215],[11.476,55.212],[11.654,55.187],[11.697,55.096],[11.704,55.039],[11.74,54.972],[11.741,54.915],[11.862,54.773],[12.05,54.815],[12.069,54.909],[12.073,54.977],[12.066,55.07],[12.09,55.188],[12.322,55.237],[12.413,55.286],[12.385,55.386],[12.275,55.414],[12.215,55.467],[12.243,55.538],[12.321,55.588],[12.407,55.616],[12.507,55.637],[12.545,55.656],[12.571,55.685],[12.569,55.785]]],[[[10.645,55.61],[10.623,55.613],[10.505,55.558],[10.424,55.56],[10.354,55.599],[10.286,55.611],[9.994,55.535],[9.861,55.515],[9.859,55.357],[9.93,55.229],[9.967,55.205],[9.989,55.163],[10.255,55.088],[10.443,55.049],[10.624,55.052],[10.785,55.133],[10.808,55.203],[10.785,55.27],[10.819,55.322],[10.738,55.446],[10.687,55.558],[10.645,55.61]]],[[[11.361,54.892],[11.258,54.952],[11.059,54.941],[11.042,54.893],[11.036,54.773],[11.457,54.629],[11.586,54.662],[11.68,54.654],[11.766,54.679],[11.759,54.768],[11.74,54.807],[11.658,54.833],[11.538,54.83],[11.361,54.892]]],[[[10.734,54.751],[10.765,54.8],[10.921,55.062],[10.951,55.156],[10.925,55.158],[10.857,55.052],[10.738,54.962],[10.692,54.903],[10.622,54.851],[10.629,54.826],[10.69,54.745],[10.734,54.751]]],[[[12.549,54.966],[12.513,54.997],[12.47,55.017],[12.417,55.031],[12.31,55.041],[12.274,55.064],[12.259,55.021],[12.22,54.994],[12.162,54.975],[12.144,54.959],[12.119,54.914],[12.184,54.892],[12.358,54.962],[12.511,54.951],[12.549,54.966]]],[[[12.666,55.597],[12.648,55.647],[12.62,55.679],[12.599,55.68],[12.57,55.65],[12.52,55.615],[12.551,55.556],[12.572,55.554],[12.666,55.597]]],[[[10.484,54.848],[10.505,54.861],[10.414,54.897],[10.347,54.906],[10.266,54.949],[10.2,54.963],[10.216,54.941],[10.341,54.859],[10.417,54.837],[10.484,54.848]]],[[[10.061,54.886],[10.058,54.908],[9.999,54.986],[9.83,55.058],[9.781,55.069],[9.771,55.06],[9.806,54.906],[9.904,54.897],[9.957,54.872],[10.061,54.886]]],[[[10.607,55.783],[10.627,55.834],[10.662,55.878],[10.636,55.914],[10.547,55.992],[10.516,55.959],[10.544,55.907],[10.52,55.848],[10.527,55.784],[10.59,55.765],[10.607,55.783]]],[[[11.052,57.253],[11.077,57.277],[11.175,57.323],[11.086,57.33],[10.935,57.309],[10.874,57.262],[11.011,57.229],[11.052,57.253]]],[[[15.088,55.022],[15.137,55.087],[15.133,55.145],[14.765,55.297],[14.714,55.238],[14.684,55.102],[14.886,55.033],[15.051,55.005],[15.088,55.022]]]]},"properties":{"NAME":"Denmark"}},
{"type":"Feature","geometry":{"type":"Polygon","coordinates":[[[18.832,49.511],[18.829,49.54],[18.807,49.614],[18.595,49.758],[18.569,49.818],[18.577,49.841],[18.562,49.879],[18.516,49.902],[18.348,49.93],[18.305,49.914],[18.266,49.93],[18.205,49.965],[18.099,49.993],[18.088,50.007],[18.05,50.032],[18.028,50.035],[18.015,50.02],[17.984,49.999],[17.875,49.972],[17.831,49.983],[17.792,50.007],[17.747,50.057],[17.681,50.101],[17.627,50.116],[17.596,50.14],[17.589,50.157],[17.709,50.194],[17.735,50.231],[17.72,50.299],[17.702,50.307],[17.655,50.284],[17.555,50.264],[17.462,50.255],[17.415,50.255],[17.152,50.378],[16.981,50.416],[16.88,50.427],[16.869,50.415],[16.915,50.345],[16.993,50.26],[16.99,50.237],[16.895,50.202],[16.842,50.187],[16.779,50.157],[16.725,50.116],[16.679,50.097],[16.639,50.102],[16.597,50.122],[16.488,50.248],[16.35,50.345],[16.334,50.367],[16.291,50.372],[16.231,50.394],[16.21,50.424],[16.241,50.455],[16.283,50.483],[16.357,50.5],[16.379,50.517],[16.392,50.542],[16.42,50.574],[16.413,50.585],[16.36,50.621],[16.282,50.656],[16.066,50.63],[16.007,50.612],[15.974,50.635],[15.949,50.67],[15.894,50.677],[15.819,50.709],[15.731,50.74],[15.644,50.749],[15.464,50.794],[15.395,50.796],[15.354,50.812],[15.313,50.846],[15.277,50.883],[15.259,50.959],[15.126,50.993],[14.994,51.014],[14.984,51.003],[14.99,50.927],[14.983,50.887],[14.896,50.861],[14.809,50.859],[14.797,50.842],[14.767,50.818],[14.723,50.815],[14.658,50.833],[14.614,50.856],[14.624,50.915],[14.595,50.919],[14.56,50.955],[14.546,50.994],[14.507,51.01],[14.367,51.026],[14.32,51.038],[14.283,51.029],[14.256,51.002],[14.273,50.977],[14.299,50.953],[14.377,50.914],[14.369,50.899],[14.202,50.861],[14.096,50.823],[13.998,50.801],[13.899,50.761],[13.701,50.717],[13.557,50.705],[13.527,50.693],[13.473,50.617],[13.436,50.601],[13.401,50.609],[13.375,50.622],[13.341,50.611],[13.306,50.586],[13.27,50.576],[13.238,50.577],[13.181,50.51],[13.016,50.49],[12.997,50.456],[12.967,50.416],[12.943,50.406],[12.868,50.422],[12.765,50.431],[12.706,50.409],[12.636,50.397],[12.549,50.393],[12.453,50.35],[12.359,50.273],[12.306,50.206],[12.277,50.181],[12.231,50.245],[12.175,50.288],[12.135,50.311],[12.099,50.311],[12.09,50.302],[12.09,50.269],[12.128,50.213],[12.175,50.176],[12.183,50.148],[12.208,50.098],[12.276,50.042],[12.384,49.999],[12.458,49.956],[12.512,49.896],[12.513,49.877],[12.498,49.853],[12.472,49.83],[12.45,49.8],[12.391,49.74],[12.408,49.713],[12.457,49.68],[12.5,49.64],[12.556,49.575],[12.632,49.461],[12.681,49.415],[12.748,49.366],[12.813,49.329],[12.917,49.33],[13.024,49.26],[13.141,49.158],[13.228,49.112],[13.289,49.097],[13.339,49.061],[13.384,49.008],[13.401,48.978],[13.441,48.956],[13.548,48.96],[13.685,48.877],[13.77,48.816],[13.815,48.767],[13.843,48.76],[13.924,48.728],[13.989,48.692],[14.049,48.602],[14.19,48.579],[14.368,48.576],[14.431,48.616],[14.489,48.626],[14.554,48.613],[14.691,48.599],[14.707,48.672],[14.786,48.747],[14.822,48.774],[14.923,48.771],[14.947,48.828],[14.972,48.984],[14.993,49.001],[15.067,48.998],[15.14,48.969],[15.162,48.946],[15.2,48.948],[15.253,48.964],[15.311,48.974],[15.403,48.957],[15.599,48.886],[15.701,48.86],[15.765,48.865],[15.825,48.864],[16.057,48.755],[16.219,48.739],[16.367,48.739],[16.415,48.772],[16.478,48.8],[16.544,48.796],[16.601,48.782],[16.713,48.734],[16.764,48.722],[16.833,48.714],[16.884,48.704],[16.928,48.621],[16.953,48.599],[16.985,48.677],[17.063,48.781],[17.136,48.841],[17.188,48.861],[17.297,48.843],[17.483,48.828],[17.625,48.842],[17.758,48.888],[17.831,48.929],[17.893,48.971],[17.913,48.999],[17.941,49.012],[18.051,49.037],[18.086,49.065],[18.1,49.119],[18.11,49.18],[18.133,49.225],[18.161,49.257],[18.365,49.336],[18.383,49.364],[18.416,49.391],[18.476,49.421],[18.535,49.465],[18.596,49.491],[18.676,49.488],[18.75,49.494],[18.807,49.509],[18.832,49.511]]]},"properties":{"NAME":"Czechia"}},
{"type":"Feature","geometry":{"type":"MultiPolygon","coordinates":[[[[13.578,45.517],[13.517,45.482],[13.603,45.231],[13.613,45.163],[13.629,45.108],[13.742,44.992],[13.861,44.837],[13.9,44.829],[13.966,44.836],[14.042,44.927],[14.091,44.998],[14.236,45.16],[14.269,45.283],[14.313,45.338],[14.386,45.342],[14.55,45.298],[14.632,45.223],[14.855,45.081],[14.907,44.971],[14.885,44.818],[14.895,44.707],[14.981,44.603],[15.27,44.383],[15.381,44.328],[15.471,44.272],[15.37,44.289],[15.284,44.289],[15.231,44.271],[15.185,44.273],[15.123,44.257],[15.186,44.172],[15.499,43.909],[15.656,43.811],[15.821,43.736],[15.942,43.657],[15.949,43.607],[15.943,43.569],[15.986,43.52],[16.046,43.506],[16.131,43.506],[16.269,43.531],[16.394,43.543],[16.6,43.464],[16.903,43.392],[17.129,43.211],[17.33,43.115],[17.537,42.962],[17.585,42.938],[17.643,42.96],[17.658,42.98],[17.65,43.007],[17.625,43.043],[17.402,43.199],[17.293,43.306],[17.275,43.344],[17.274,43.446],[17.248,43.47],[17.085,43.517],[16.902,43.649],[16.713,43.779],[16.688,43.815],[16.591,43.913],[16.472,44.003],[16.378,44.06],[16.3,44.125],[16.214,44.215],[16.17,44.352],[16.13,44.474],[16.103,44.521],[16.049,44.538],[15.88,44.682],[15.737,44.766],[15.738,44.856],[15.762,45.008],[15.788,45.179],[15.823,45.203],[15.888,45.216],[15.963,45.211],[16.028,45.19],[16.157,45.072],[16.231,45.027],[16.293,45.009],[16.365,45.058],[16.454,45.162],[16.531,45.217],[16.791,45.197],[16.919,45.277],[17.125,45.172],[17.211,45.156],[17.259,45.171],[17.324,45.164],[17.469,45.133],[17.503,45.12],[17.546,45.123],[17.654,45.163],[17.69,45.158],[17.813,45.078],[17.874,45.077],[17.949,45.112],[17.996,45.142],[18.137,45.119],[18.218,45.133],[18.285,45.134],[18.358,45.121],[18.424,45.102],[18.488,45.086],[18.663,45.077],[18.746,45.027],[18.779,44.977],[18.78,44.947],[18.788,44.915],[18.836,44.883],[18.941,44.865],[19.007,44.869],[18.996,44.904],[19.01,44.919],[19.038,44.918],[19.061,44.911],[19.085,44.927],[19.1,44.974],[19.063,45.137],[19.13,45.152],[19.131,45.175],[19.137,45.196],[19.206,45.168],[19.303,45.167],[19.388,45.173],[19.401,45.189],[19.4,45.213],[19.382,45.231],[19.352,45.245],[19.33,45.268],[19.273,45.278],[19.093,45.337],[19.005,45.4],[19.008,45.466],[19.033,45.502],[19.064,45.515],[19.055,45.527],[18.954,45.558],[18.918,45.601],[18.947,45.656],[18.895,45.767],[18.839,45.836],[18.894,45.866],[18.901,45.908],[18.905,45.932],[18.9,45.932],[18.833,45.911],[18.722,45.899],[18.666,45.907],[18.565,45.813],[18.534,45.796],[18.437,45.767],[18.358,45.753],[18.291,45.764],[18.264,45.765],[17.964,45.77],[17.807,45.79],[17.706,45.827],[17.64,45.868],[17.607,45.914],[17.529,45.941],[17.406,45.951],[17.311,45.996],[17.242,46.077],[17.15,46.14],[17.033,46.187],[16.94,46.254],[16.871,46.339],[16.748,46.416],[16.57,46.485],[16.516,46.5],[16.428,46.524],[16.321,46.535],[16.301,46.521],[16.258,46.508],[16.237,46.484],[16.253,46.389],[16.227,46.373],[16.106,46.382],[16.067,46.371],[16.001,46.305],[15.933,46.278],[15.848,46.258],[15.784,46.234],[15.704,46.213],[15.636,46.201],[15.609,46.172],[15.593,46.14],[15.597,46.109],[15.666,46.048],[15.676,45.984],[15.668,45.904],[15.652,45.862],[15.625,45.834],[15.454,45.798],[15.277,45.733],[15.273,45.718],[15.354,45.66],[15.357,45.646],[15.29,45.613],[15.284,45.58],[15.291,45.542],[15.327,45.502],[15.339,45.467],[15.242,45.441],[15.11,45.451],[14.955,45.5],[14.9,45.493],[14.847,45.467],[14.793,45.478],[14.734,45.508],[14.65,45.571],[14.609,45.61],[14.592,45.651],[14.569,45.657],[14.534,45.645],[14.505,45.595],[14.427,45.506],[14.37,45.481],[14.283,45.487],[14.161,45.485],[14.086,45.478],[13.993,45.509],[13.97,45.503],[13.97,45.483],[13.936,45.45],[13.879,45.428],[13.615,45.477],[13.578,45.517]]],[[[18.436,42.56],[18.347,42.587],[18.304,42.599],[18.124,42.691],[18.045,42.741],[17.919,42.807],[17.841,42.845],[17.802,42.902],[17.74,42.915],[17.668,42.897],[17.724,42.851],[17.22,43.026],[17.126,43.026],[17.045,43.015],[17.258,42.968],[17.585,42.837],[17.824,42.797],[18.161,42.634],[18.333,42.528],[18.517,42.433],[18.477,42.481],[18.438,42.523],[18.436,42.56]]],[[[16.651,42.997],[16.666,42.96],[16.696,42.934],[16.739,42.913],[16.851,42.896],[16.978,42.928],[17.089,42.915],[17.188,42.917],[17.17,42.933],[17.094,42.964],[16.971,42.981],[16.836,42.969],[16.651,42.997]]],[[[17.194,43.126],[17.061,43.144],[16.697,43.175],[16.656,43.214],[16.521,43.229],[16.376,43.214],[16.406,43.197],[16.55,43.144],[16.679,43.123],[17.124,43.115],[17.194,43.126]]],[[[16.785,43.271],[16.874,43.298],[16.891,43.315],[16.834,43.351],[16.602,43.382],[16.449,43.387],[16.428,43.343],[16.423,43.317],[16.49,43.286],[16.627,43.268],[16.785,43.271]]],[[[15.231,44.062],[15.066,44.158],[15.075,44.138],[15.122,44.093],[15.247,44.027],[15.231,44.062]]],[[[14.81,44.977],[14.739,45.065],[14.701,45.09],[14.63,45.178],[14.571,45.225],[14.525,45.147],[14.438,45.099],[14.45,45.079],[14.512,45.035],[14.613,45.025],[14.628,44.994],[14.687,44.956],[14.81,44.977]]],[[[14.831,44.759],[14.764,44.821],[14.754,44.845],[14.691,44.848],[14.672,44.824],[14.66,44.8],[14.678,44.77],[14.763,44.755],[14.857,44.715],[14.831,44.759]]],[[[15.188,44.336],[15.214,44.348],[15.24,44.35],[15.113,44.436],[15.006,44.534],[14.898,44.611],[14.855,44.618],[14.804,44.649],[14.742,44.697],[14.76,44.665],[14.885,44.545],[14.913,44.486],[14.996,44.434],[15.039,44.393],[15.098,44.358],[15.163,44.309],[15.188,44.336]]],[[[15.189,43.922],[14.953,44.117],[14.865,44.168],[14.891,44.126],[15.136,43.907],[15.15,43.912],[15.202,43.898],[15.203,43.908],[15.189,43.922]]],[[[15.371,43.974],[15.27,44.011],[15.309,43.961],[15.374,43.915],[15.437,43.9],[15.371,43.974]]],[[[14.488,44.66],[14.483,44.693],[14.468,44.725],[14.453,44.869],[14.467,44.97],[14.394,45.031],[14.369,45.081],[14.358,45.167],[14.331,45.165],[14.286,45.145],[14.34,45.02],[14.342,44.98],[14.303,44.94],[14.312,44.9],[14.389,44.758],[14.42,44.67],[14.48,44.621],[14.488,44.66]]],[[[17.608,42.769],[17.432,42.8],[17.39,42.799],[17.344,42.79],[17.744,42.7],[17.608,42.769]]]]},"properties":{"NAME":"Croatia"}},
{"type":"Feature","geometry":{"type":"Polygon","coordinates":[[[22.829,42],[25,42],[25,43.71],[24.808,43.738],[24.431,43.794],[24.227,43.763],[23.951,43.787],[23.535,43.854],[23.225,43.874],[22.919,43.834],[22.868,43.865],[22.856,43.899],[22.868,43.948],[22.911,43.987],[22.985,44.017],[23.024,44.047],[23.029,44.078],[22.945,44.127],[22.775,44.195],[22.705,44.238],[22.667,44.22],[22.627,44.194],[22.603,44.149],[22.597,44.075],[22.469,44.018],[22.421,44.007],[22.399,43.97],[22.365,43.862],[22.37,43.781],[22.387,43.74],[22.395,43.707],[22.436,43.665],[22.474,43.602],[22.499,43.519],[22.555,43.454],[22.697,43.391],[22.768,43.354],[22.82,43.301],[22.86,43.252],[22.977,43.188],[22.968,43.142],[22.942,43.097],[22.915,43.076],[22.857,43.018],[22.8,42.986],[22.706,42.884],[22.558,42.878],[22.523,42.87],[22.467,42.842],[22.439,42.792],[22.466,42.751],[22.463,42.709],[22.436,42.629],[22.472,42.543],[22.524,42.504],[22.532,42.481],[22.524,42.441],[22.446,42.359],[22.422,42.329],[22.344,42.314],[22.498,42.165],[22.583,42.105],[22.682,42.059],[22.796,42.026],[22.829,42]]]},"properties":{"NAME":"Bulgaria"}},
{"type":"Feature","geometry":{"type":"Polygon","coordinates":[[[19.194,43.533],[19.254,43.584],[19.301,43.592],[19.36,43.593],[19.4,43.568],[19.451,43.562],[19.48,43.595],[19.495,43.643],[19.488,43.704],[19.364,43.845],[19.257,43.943],[19.245,43.965],[19.268,43.983],[19.305,43.993],[19.345,43.985],[19.449,43.978],[19.55,43.987],[19.584,44.011],[19.584,44.043],[19.547,44.073],[19.43,44.154],[19.339,44.226],[19.232,44.281],[19.152,44.303],[19.128,44.33],[19.118,44.36],[19.127,44.415],[19.132,44.484],[19.151,44.527],[19.223,44.61],[19.292,44.697],[19.334,44.781],[19.357,44.859],[19.349,44.881],[19.313,44.897],[19.237,44.914],[19.132,44.9],[19.042,44.871],[19.007,44.869],[18.941,44.865],[18.836,44.883],[18.788,44.915],[18.78,44.947],[18.779,44.977],[18.746,45.027],[18.663,45.077],[18.488,45.086],[18.424,45.102],[18.358,45.121],[18.285,45.134],[18.218,45.133],[18.137,45.119],[17.996,45.142],[17.949,45.112],[17.874,45.077],[17.813,45.078],[17.69,45.158],[17.654,45.163],[17.546,45.123],[17.503,45.12],[17.469,45.133],[17.324,45.164],[17.259,45.171],[17.211,45.156],[17.125,45.172],[16.919,45.277],[16.791,45.197],[16.531,45.217],[16.454,45.162],[16.365,45.058],[16.293,45.009],[16.231,45.027],[16.157,45.072],[16.028,45.19],[15.963,45.211],[15.888,45.216],[15.823,45.203],[15.788,45.179],[15.762,45.008],[15.738,44.856],[15.737,44.766],[15.88,44.682],[16.049,44.538],[16.103,44.521],[16.13,44.474],[16.17,44.352],[16.214,44.215],[16.3,44.125],[16.378,44.06],[16.472,44.003],[16.591,43.913],[16.688,43.815],[16.713,43.779],[16.902,43.649],[17.085,43.517],[17.248,43.47],[17.274,43.446],[17.275,43.344],[17.293,43.306],[17.402,43.199],[17.625,43.043],[17.65,43.007],[17.658,42.98],[17.643,42.96],[17.585,42.938],[17.668,42.897],[17.74,42.915],[17.802,42.902],[17.841,42.845],[17.919,42.807],[18.045,42.741],[18.124,42.691],[18.304,42.599],[18.347,42.587],[18.436,42.56],[18.454,42.565],[18.48,42.579],[18.535,42.62],[18.546,42.642],[18.543,42.674],[18.466,42.777],[18.455,42.844],[18.444,42.968],[18.46,42.998],[18.488,43.012],[18.624,43.028],[18.622,43.125],[18.63,43.154],[18.657,43.194],[18.674,43.231],[18.749,43.284],[18.851,43.346],[18.896,43.348],[18.935,43.339],[18.979,43.285],[19.027,43.292],[19.037,43.357],[18.974,43.442],[18.94,43.497],[18.951,43.527],[18.974,43.542],[19.028,43.533],[19.08,43.518],[19.113,43.528],[19.164,43.535],[19.194,43.533]]]},"properties":{"NAME":"Bosnia and Herz."}},
{"type":"Feature","geometry":{"type":"Polygon","coordinates":[[[4.226,51.386],[4.211,51.349],[4.173,51.307],[4.04,51.247],[3.902,51.208],[3.831,51.213],[3.782,51.233],[3.756,51.255],[3.682,51.276],[3.58,51.286],[3.517,51.264],[3.472,51.242],[3.433,51.246],[3.403,51.264],[3.38,51.291],[3.35,51.378],[3.225,51.352],[2.96,51.265],[2.525,51.097],[2.536,51.05],[2.575,50.989],[2.601,50.955],[2.579,50.912],[2.597,50.876],[2.669,50.811],[2.759,50.751],[2.84,50.712],[2.862,50.716],[2.922,50.727],[3.023,50.767],[3.107,50.779],[3.155,50.749],[3.182,50.732],[3.235,50.663],[3.25,50.591],[3.273,50.532],[3.316,50.507],[3.477,50.499],[3.595,50.477],[3.627,50.457],[3.667,50.325],[3.689,50.306],[3.719,50.322],[3.748,50.344],[3.789,50.347],[3.858,50.339],[3.95,50.336],[4.044,50.321],[4.175,50.246],[4.17,50.222],[4.144,50.178],[4.135,50.144],[4.158,50.13],[4.192,50.094],[4.184,50.053],[4.15,50.024],[4.137,50],[4.137,49.984],[4.149,49.972],[4.176,49.96],[4.369,49.945],[4.545,49.96],[4.656,50.002],[4.675,50.047],[4.707,50.097],[4.773,50.139],[4.819,50.153],[4.861,50.136],[4.79,49.96],[4.842,49.915],[4.849,49.847],[4.868,49.788],[4.931,49.789],[5.007,49.778],[5.061,49.757],[5.124,49.721],[5.215,49.689],[5.279,49.678],[5.302,49.651],[5.354,49.62],[5.435,49.554],[5.507,49.511],[5.542,49.511],[5.61,49.528],[5.71,49.539],[5.79,49.538],[5.815,49.554],[5.838,49.578],[5.857,49.613],[5.88,49.645],[5.804,49.732],[5.788,49.759],[5.725,49.808],[5.726,49.833],[5.741,49.857],[5.735,49.876],[5.744,49.92],[5.788,49.961],[5.817,50.013],[5.867,50.083],[5.976,50.167],[6.055,50.154],[6.089,50.155],[6.11,50.124],[6.117,50.121],[6.121,50.139],[6.175,50.233],[6.364,50.316],[6.344,50.4],[6.341,50.452],[6.295,50.485],[6.203,50.499],[6.179,50.523],[6.168,50.545],[6.236,50.597],[6.154,50.637],[6.119,50.679],[6.006,50.732],[5.994,50.75],[5.892,50.753],[5.797,50.755],[5.747,50.76],[5.694,50.775],[5.669,50.806],[5.639,50.844],[5.648,50.867],[5.737,50.932],[5.75,50.95],[5.741,50.96],[5.75,50.989],[5.818,51.086],[5.827,51.126],[5.796,51.153],[5.752,51.169],[5.609,51.198],[5.54,51.239],[5.509,51.275],[5.477,51.285],[5.43,51.273],[5.311,51.26],[5.214,51.279],[5.1,51.346],[5.073,51.407],[5.059,51.453],[5.031,51.469],[4.993,51.445],[4.944,51.408],[4.848,51.403],[4.821,51.412],[4.816,51.433],[4.811,51.453],[4.784,51.477],[4.756,51.491],[4.634,51.422],[4.589,51.422],[4.532,51.449],[4.503,51.475],[4.441,51.46],[4.385,51.428],[4.404,51.367],[4.374,51.356],[4.304,51.362],[4.226,51.386]]]},"properties":{"NAME":"Belgium"}},
{"type":"Feature","geometry":{"type":"Polygon","coordinates":[[[25,51.917],[25,54.136],[24.87,54.145],[24.826,54.119],[24.789,53.998],[24.768,53.975],[24.621,53.98],[24.479,53.932],[24.318,53.893],[24.237,53.92],[24.191,53.95],[24.104,53.945],[24.008,53.932],[23.944,53.939],[23.873,53.936],[23.734,53.912],[23.559,53.92],[23.485,53.94],[23.599,53.599],[23.789,53.271],[23.859,53.112],[23.887,53.028],[23.909,52.905],[23.916,52.819],[23.915,52.77],[23.901,52.704],[23.845,52.664],[23.48,52.552],[23.411,52.516],[23.303,52.428],[23.204,52.338],[23.181,52.307],[23.175,52.287],[23.197,52.257],[23.327,52.208],[23.458,52.17],[23.501,52.14],[23.598,52.103],[23.633,52.07],[23.652,52.04],[23.651,51.973],[23.607,51.88],[23.626,51.809],[23.581,51.762],[23.545,51.71],[23.54,51.619],[23.605,51.518],[23.614,51.525],[23.609,51.61],[23.647,51.629],[23.707,51.641],[23.792,51.637],[23.864,51.624],[23.951,51.585],[23.978,51.591],[24.127,51.665],[24.28,51.775],[24.324,51.838],[24.362,51.868],[24.495,51.883],[24.611,51.89],[24.685,51.888],[24.866,51.899],[24.974,51.911],[25,51.917]]]},"properties":{"NAME":"Belarus"}},
{"type":"Feature","geometry":{"type":"Polygon","coordinates":[[[9.528,47.271],[9.537,47.255],[9.542,47.234],[9.551,47.212],[9.556,47.185],[9.572,47.158],[9.601,47.132],[9.611,47.107],[9.596,47.076],[9.58,47.057],[9.62,47.057],[9.745,47.037],[9.845,47.007],[9.865,46.976],[9.878,46.938],[9.997,46.885],[10.133,46.852],[10.18,46.862],[10.349,46.985],[10.415,46.964],[10.455,46.899],[10.453,46.865],[10.479,46.855],[10.58,46.854],[10.689,46.846],[10.76,46.793],[10.829,46.775],[10.927,46.769],[10.993,46.777],[11.025,46.797],[11.063,46.859],[11.134,46.936],[11.244,46.976],[11.433,46.983],[11.528,46.997],[11.625,46.997],[11.699,46.985],[11.776,46.986],[11.97,47.04],[12.169,47.082],[12.197,47.075],[12.201,47.061],[12.166,47.028],[12.131,46.985],[12.154,46.935],[12.268,46.836],[12.33,46.76],[12.388,46.703],[12.479,46.673],[12.599,46.654],[12.7,46.647],[12.806,46.626],[13.169,46.573],[13.352,46.558],[13.49,46.556],[13.7,46.52],[13.744,46.514],[13.831,46.511],[13.929,46.498],[14.02,46.482],[14.1,46.462],[14.267,46.441],[14.42,46.428],[14.466,46.416],[14.504,46.417],[14.55,46.4],[14.577,46.413],[14.597,46.436],[14.68,46.463],[14.757,46.499],[14.811,46.545],[14.841,46.58],[14.893,46.606],[14.949,46.613],[15.001,46.626],[15.217,46.643],[15.439,46.63],[15.545,46.655],[15.633,46.698],[15.76,46.711],[15.767,46.711],[15.958,46.678],[15.972,46.697],[15.98,46.706],[15.977,46.801],[16.037,46.845],[16.093,46.863],[16.253,46.972],[16.332,47.002],[16.424,46.997],[16.453,47.007],[16.461,47.022],[16.477,47.058],[16.485,47.091],[16.493,47.123],[16.483,47.14],[16.438,47.146],[16.417,47.223],[16.44,47.253],[16.463,47.273],[16.434,47.367],[16.443,47.4],[16.515,47.405],[16.574,47.425],[16.623,47.448],[16.637,47.477],[16.677,47.536],[16.64,47.609],[16.432,47.656],[16.421,47.674],[16.47,47.695],[16.521,47.724],[16.551,47.747],[16.591,47.751],[16.647,47.739],[16.748,47.686],[16.786,47.679],[16.823,47.694],[16.863,47.697],[16.973,47.695],[17.067,47.708],[17.046,47.764],[17.046,47.805],[17.03,47.837],[17.04,47.873],[17.078,47.901],[17.089,47.964],[17.147,48.006],[17.086,48.04],[17.068,48.083],[16.973,48.198],[16.865,48.387],[16.863,48.441],[16.904,48.504],[16.943,48.551],[16.949,48.589],[16.953,48.599],[16.928,48.621],[16.884,48.704],[16.833,48.714],[16.764,48.722],[16.713,48.734],[16.601,48.782],[16.544,48.796],[16.478,48.8],[16.415,48.772],[16.367,48.739],[16.219,48.739],[16.057,48.755],[15.825,48.864],[15.765,48.865],[15.701,48.86],[15.599,48.886],[15.403,48.957],[15.311,48.974],[15.253,48.964],[15.2,48.948],[15.162,48.946],[15.14,48.969],[15.067,48.998],[14.993,49.001],[14.972,48.984],[14.947,48.828],[14.923,48.771],[14.822,48.774],[14.786,48.747],[14.707,48.672],[14.691,48.599],[14.554,48.613],[14.489,48.626],[14.431,48.616],[14.368,48.576],[14.19,48.579],[14.049,48.602],[13.989,48.692],[13.924,48.728],[13.843,48.76],[13.815,48.767],[13.803,48.748],[13.797,48.686],[13.799,48.622],[13.785,48.587],[13.724,48.542],[13.692,48.533],[13.675,48.523],[13.487,48.582],[13.472,48.572],[13.46,48.565],[13.409,48.394],[13.375,48.361],[13.323,48.331],[13.215,48.302],[13.14,48.29],[13.082,48.275],[12.897,48.204],[12.814,48.161],[12.76,48.107],[12.76,48.076],[12.85,47.985],[12.954,47.891],[12.954,47.808],[12.908,47.746],[12.898,47.722],[12.928,47.713],[12.986,47.709],[13.034,47.699],[13.054,47.655],[13.048,47.579],[13.032,47.508],[13.014,47.478],[12.968,47.476],[12.879,47.506],[12.809,47.542],[12.783,47.564],[12.781,47.59],[12.796,47.607],[12.771,47.639],[12.686,47.669],[12.594,47.656],[12.527,47.636],[12.483,47.637],[12.436,47.666],[12.363,47.688],[12.268,47.703],[12.209,47.718],[12.197,47.709],[12.204,47.647],[12.186,47.62],[11.717,47.583],[11.574,47.55],[11.47,47.506],[11.393,47.487],[11.374,47.46],[11.298,47.425],[11.212,47.414],[11.191,47.425],[11.136,47.409],[11.042,47.393],[10.981,47.398],[10.952,47.427],[10.894,47.47],[10.871,47.501],[10.873,47.52],[10.742,47.524],[10.659,47.547],[10.483,47.542],[10.439,47.552],[10.43,47.541],[10.404,47.417],[10.369,47.366],[10.313,47.313],[10.241,47.284],[10.183,47.279],[10.186,47.317],[10.2,47.363],[10.159,47.374],[10.096,47.38],[10.066,47.393],[10.074,47.429],[10.06,47.449],[10.034,47.474],[9.972,47.505],[9.839,47.552],[9.749,47.576],[9.715,47.551],[9.651,47.526],[9.549,47.534],[9.524,47.524],[9.554,47.511],[9.626,47.467],[9.609,47.392],[9.528,47.271]]]},"properties":{"NAME":"Austria"}},
{"type":"Feature","geometry":{"type":"Polygon","coordinates":[[[1.706,42.503],[1.714,42.526],[1.74,42.557],[1.739,42.576],[1.71,42.604],[1.568,42.635],[1.501,42.643],[1.459,42.622],[1.428,42.596],[1.415,42.548],[1.422,42.531],[1.43,42.498],[1.428,42.461],[1.449,42.437],[1.486,42.434],[1.534,42.442],[1.586,42.456],[1.679,42.497],[1.706,42.503]]]},"properties":{"NAME":"Andorra"}},
{"type":"Feature","geometry":{"type":"Polygon","coordinates":[[[19.36,42],[20.576,42],[20.575,42.013],[20.523,42.171],[20.485,42.223],[20.408,42.275],[20.348,42.309],[20.241,42.339],[20.186,42.426],[20.104,42.525],[20.064,42.547],[20.046,42.55],[19.939,42.507],[19.86,42.486],[19.788,42.476],[19.754,42.497],[19.738,42.525],[19.741,42.607],[19.728,42.635],[19.703,42.648],[19.654,42.629],[19.597,42.565],[19.545,42.492],[19.465,42.415],[19.4,42.342],[19.329,42.249],[19.281,42.173],[19.331,42.129],[19.361,42.069],[19.352,42.024],[19.36,42]]]},"properties":{"NAME":"Albania"}}
]}